-- MySQL dump 10.13  Distrib 8.0.14, for Win64 (x86_64)
--
-- Host: 127.0.0.1    Database: session3
-- ------------------------------------------------------
-- Server version	8.0.14

/*!40101 SET @OLD_CHARACTER_SET_CLIENT=@@CHARACTER_SET_CLIENT */;
/*!40101 SET @OLD_CHARACTER_SET_RESULTS=@@CHARACTER_SET_RESULTS */;
/*!40101 SET @OLD_COLLATION_CONNECTION=@@COLLATION_CONNECTION */;
 SET NAMES utf8 ;
/*!40103 SET @OLD_TIME_ZONE=@@TIME_ZONE */;
/*!40103 SET TIME_ZONE='+00:00' */;
/*!40014 SET @OLD_UNIQUE_CHECKS=@@UNIQUE_CHECKS, UNIQUE_CHECKS=0 */;
/*!40014 SET @OLD_FOREIGN_KEY_CHECKS=@@FOREIGN_KEY_CHECKS, FOREIGN_KEY_CHECKS=0 */;
/*!40101 SET @OLD_SQL_MODE=@@SQL_MODE, SQL_MODE='NO_AUTO_VALUE_ON_ZERO' */;
/*!40111 SET @OLD_SQL_NOTES=@@SQL_NOTES, SQL_NOTES=0 */;

--
-- Table structure for table `assetodometers`
--

DROP TABLE IF EXISTS `assetodometers`;
/*!40101 SET @saved_cs_client     = @@character_set_client */;
 SET character_set_client = utf8mb4 ;
CREATE TABLE `assetodometers` (
  `ID` bigint(20) NOT NULL AUTO_INCREMENT,
  `AssetID` bigint(20) NOT NULL,
  `ReadDate` date NOT NULL,
  `OdometerAmount` bigint(20) NOT NULL,
  PRIMARY KEY (`ID`),
  KEY `FK_AssetOdometers_Assets` (`AssetID`),
  CONSTRAINT `FK_AssetOdometers_Assets` FOREIGN KEY (`AssetID`) REFERENCES `assets` (`ID`)
) ENGINE=InnoDB AUTO_INCREMENT=9 DEFAULT CHARSET=utf8 COLLATE=utf8_bin;
/*!40101 SET character_set_client = @saved_cs_client */;

--
-- Dumping data for table `assetodometers`
--

LOCK TABLES `assetodometers` WRITE;
/*!40000 ALTER TABLE `assetodometers` DISABLE KEYS */;
INSERT INTO `assetodometers` VALUES (3,1,'2019-07-10',140000),(4,1,'2019-07-30',157000),(5,1,'2019-08-19',157133),(6,4,'2019-07-08',54800),(7,4,'2019-07-28',57245),(8,4,'2019-08-18',60580);
/*!40000 ALTER TABLE `assetodometers` ENABLE KEYS */;
UNLOCK TABLES;

--
-- Table structure for table `assets`
--

DROP TABLE IF EXISTS `assets`;
/*!40101 SET @saved_cs_client     = @@character_set_client */;
 SET character_set_client = utf8mb4 ;
CREATE TABLE `assets` (
  `ID` bigint(20) NOT NULL AUTO_INCREMENT,
  `AssetSN` varchar(20) COLLATE utf8_bin NOT NULL,
  `AssetName` varchar(150) COLLATE utf8_bin NOT NULL,
  `DepartmentLocationID` bigint(20) NOT NULL,
  `EmployeeID` bigint(20) NOT NULL,
  `AssetGroupID` bigint(20) NOT NULL,
  `Description` text COLLATE utf8_bin NOT NULL,
  `WarrantyDate` date DEFAULT NULL,
  PRIMARY KEY (`ID`)
) ENGINE=InnoDB AUTO_INCREMENT=5 DEFAULT CHARSET=utf8 COLLATE=utf8_bin;
/*!40101 SET character_set_client = @saved_cs_client */;

--
-- Dumping data for table `assets`
--

LOCK TABLES `assets` WRITE;
/*!40000 ALTER TABLE `assets` DISABLE KEYS */;
INSERT INTO `assets` VALUES (1,'05/04/0001','Toyota Hilux FAF321',3,5,4,'',NULL),(2,'04/03/0001','Suction Line 852',7,8,3,'','2020-03-02'),(3,'01/01/0001','ZENY 3,5CFM Single-Stage 5 Pa Rotary Vane',11,22,1,'','2018-01-17'),(4,'05/04/0002','Volvo FH16',4,26,4,'',NULL);
/*!40000 ALTER TABLE `assets` ENABLE KEYS */;
UNLOCK TABLES;

--
-- Table structure for table `pmschedulemodels`
--

DROP TABLE IF EXISTS `pmschedulemodels`;
/*!40101 SET @saved_cs_client     = @@character_set_client */;
 SET character_set_client = utf8mb4 ;
CREATE TABLE `pmschedulemodels` (
  `ID` bigint(20) NOT NULL AUTO_INCREMENT,
  `Name` varchar(50) COLLATE utf8_bin NOT NULL,
  `PMScheduleTypeID` bigint(20) DEFAULT NULL,
  PRIMARY KEY (`ID`),
  KEY `FK_PMScheduleModels_PMScheduleTypes` (`PMScheduleTypeID`),
  CONSTRAINT `FK_PMScheduleModels_PMScheduleTypes` FOREIGN KEY (`PMScheduleTypeID`) REFERENCES `pmscheduletypes` (`ID`)
) ENGINE=InnoDB AUTO_INCREMENT=5 DEFAULT CHARSET=utf8 COLLATE=utf8_bin;
/*!40101 SET character_set_client = @saved_cs_client */;

--
-- Dumping data for table `pmschedulemodels`
--

LOCK TABLES `pmschedulemodels` WRITE;
/*!40000 ALTER TABLE `pmschedulemodels` DISABLE KEYS */;
INSERT INTO `pmschedulemodels` VALUES (1,'Daily',2),(2,'Weekly',2),(3,'Monthly',2),(4,'Every X Kilometer',1);
/*!40000 ALTER TABLE `pmschedulemodels` ENABLE KEYS */;
UNLOCK TABLES;

--
-- Table structure for table `pmscheduletypes`
--

DROP TABLE IF EXISTS `pmscheduletypes`;
/*!40101 SET @saved_cs_client     = @@character_set_client */;
 SET character_set_client = utf8mb4 ;
CREATE TABLE `pmscheduletypes` (
  `ID` bigint(20) NOT NULL AUTO_INCREMENT,
  `Name` varchar(50) COLLATE utf8_bin NOT NULL,
  PRIMARY KEY (`ID`)
) ENGINE=InnoDB AUTO_INCREMENT=3 DEFAULT CHARSET=utf8 COLLATE=utf8_bin;
/*!40101 SET character_set_client = @saved_cs_client */;

--
-- Dumping data for table `pmscheduletypes`
--

LOCK TABLES `pmscheduletypes` WRITE;
/*!40000 ALTER TABLE `pmscheduletypes` DISABLE KEYS */;
INSERT INTO `pmscheduletypes` VALUES (1,'By Date'),(2,'By Milage');
/*!40000 ALTER TABLE `pmscheduletypes` ENABLE KEYS */;
UNLOCK TABLES;

--
-- Table structure for table `pmtasks`
--

DROP TABLE IF EXISTS `pmtasks`;
/*!40101 SET @saved_cs_client     = @@character_set_client */;
 SET character_set_client = utf8mb4 ;
CREATE TABLE `pmtasks` (
  `ID` bigint(20) NOT NULL AUTO_INCREMENT,
  `AssetID` bigint(20) NOT NULL,
  `TaskID` bigint(20) NOT NULL,
  `PMScheduleTypeID` bigint(20) NOT NULL,
  `ScheduleDate` date DEFAULT NULL,
  `ScheduleKilometer` bigint(20) DEFAULT NULL,
  `TaskDone` tinyint(1) DEFAULT NULL,
  PRIMARY KEY (`ID`),
  KEY `FK_PMTasks_Tasks` (`TaskID`),
  KEY `FK_PMTasks_Assets` (`AssetID`),
  KEY `FK_PMTasks_PMScheduleTypes` (`PMScheduleTypeID`),
  CONSTRAINT `FK_PMTasks_Assets` FOREIGN KEY (`AssetID`) REFERENCES `assets` (`ID`),
  CONSTRAINT `FK_PMTasks_PMScheduleTypes` FOREIGN KEY (`PMScheduleTypeID`) REFERENCES `pmscheduletypes` (`ID`),
  CONSTRAINT `FK_PMTasks_Tasks` FOREIGN KEY (`TaskID`) REFERENCES `tasks` (`ID`)
) ENGINE=InnoDB AUTO_INCREMENT=482 DEFAULT CHARSET=utf8 COLLATE=utf8_bin;
/*!40101 SET character_set_client = @saved_cs_client */;

--
-- Dumping data for table `pmtasks`
--

LOCK TABLES `pmtasks` WRITE;
/*!40000 ALTER TABLE `pmtasks` DISABLE KEYS */;
INSERT INTO `pmtasks` VALUES (1,1,1,1,NULL,5000,1),(2,1,1,1,NULL,20000,1),(3,1,1,1,NULL,35000,1),(4,1,1,1,NULL,50000,1),(5,1,1,1,NULL,65000,1),(6,1,1,1,NULL,80000,1),(7,1,1,1,NULL,95000,1),(8,1,1,1,NULL,110000,1),(9,1,1,1,NULL,125000,1),(10,1,1,1,NULL,140000,1),(11,1,1,1,NULL,155000,0),(12,1,1,1,NULL,170000,0),(13,1,1,1,NULL,185000,0),(14,1,1,1,NULL,200000,0),(15,1,1,1,NULL,215000,0),(16,1,1,1,NULL,230000,0),(17,1,1,1,NULL,245000,0),(18,1,1,1,NULL,260000,0),(19,1,1,1,NULL,275000,0),(20,1,1,1,NULL,290000,0),(21,1,2,1,NULL,5000,1),(22,1,2,1,NULL,11000,1),(23,1,2,1,NULL,17000,1),(24,1,2,1,NULL,23000,1),(25,1,2,1,NULL,29000,1),(26,1,2,1,NULL,35000,1),(27,1,2,1,NULL,41000,1),(28,1,2,1,NULL,47000,1),(29,1,2,1,NULL,53000,1),(30,1,2,1,NULL,59000,1),(31,1,2,1,NULL,65000,1),(32,1,2,1,NULL,71000,1),(33,1,2,1,NULL,77000,1),(34,1,2,1,NULL,83000,1),(35,1,2,1,NULL,89000,1),(36,1,2,1,NULL,95000,1),(37,1,2,1,NULL,101000,1),(38,1,2,1,NULL,107000,1),(39,1,2,1,NULL,113000,1),(40,1,2,1,NULL,119000,1),(41,1,2,1,NULL,125000,1),(42,1,2,1,NULL,131000,1),(43,1,2,1,NULL,137000,1),(44,1,2,1,NULL,143000,1),(45,1,2,1,NULL,149000,1),(46,1,2,1,NULL,155000,0),(47,1,2,1,NULL,161000,0),(48,1,2,1,NULL,167000,0),(49,1,2,1,NULL,173000,0),(50,1,2,1,NULL,179000,0),(51,1,2,1,NULL,185000,0),(52,1,2,1,NULL,191000,0),(53,1,2,1,NULL,197000,0),(54,1,2,1,NULL,203000,0),(55,1,2,1,NULL,209000,0),(56,1,2,1,NULL,215000,0),(57,1,2,1,NULL,221000,0),(58,1,2,1,NULL,227000,0),(59,3,6,2,'2017-01-01',NULL,1),(60,3,6,2,'2017-02-01',NULL,1),(61,3,6,2,'2017-03-01',NULL,1),(62,3,6,2,'2017-04-01',NULL,1),(63,3,6,2,'2017-05-01',NULL,1),(64,3,6,2,'2017-06-01',NULL,1),(65,3,6,2,'2017-07-01',NULL,1),(66,3,6,2,'2017-08-01',NULL,1),(67,3,6,2,'2017-09-01',NULL,1),(68,3,6,2,'2017-10-01',NULL,1),(69,3,6,2,'2017-11-01',NULL,1),(70,3,6,2,'2017-12-01',NULL,1),(71,3,6,2,'2018-01-01',NULL,1),(72,3,6,2,'2018-02-01',NULL,1),(73,3,6,2,'2018-03-01',NULL,1),(74,3,6,2,'2018-04-01',NULL,1),(75,3,6,2,'2018-05-01',NULL,1),(76,3,6,2,'2018-06-01',NULL,1),(77,3,6,2,'2018-07-01',NULL,1),(78,3,6,2,'2018-08-01',NULL,1),(79,3,6,2,'2018-09-01',NULL,1),(80,3,6,2,'2018-10-01',NULL,1),(81,3,6,2,'2018-11-01',NULL,1),(82,3,6,2,'2018-12-01',NULL,1),(83,3,6,2,'2019-01-01',NULL,1),(84,3,6,2,'2019-02-01',NULL,1),(85,3,6,2,'2019-03-01',NULL,1),(86,3,6,2,'2019-04-01',NULL,1),(87,3,6,2,'2019-05-01',NULL,1),(88,3,6,2,'2019-06-01',NULL,1),(89,3,6,2,'2019-07-01',NULL,1),(90,3,6,2,'2019-08-01',NULL,0),(91,3,6,2,'2019-09-01',NULL,0),(92,3,6,2,'2019-10-01',NULL,0),(93,3,6,2,'2019-11-01',NULL,0),(94,3,6,2,'2019-12-01',NULL,0),(95,3,6,2,'2020-01-01',NULL,0),(96,3,6,2,'2020-02-01',NULL,0),(97,3,6,2,'2020-03-01',NULL,0),(98,3,6,2,'2020-04-01',NULL,0),(99,3,6,2,'2020-05-01',NULL,0),(100,3,5,2,'2019-01-01',NULL,1),(101,3,5,2,'2019-01-02',NULL,1),(102,3,5,2,'2019-01-03',NULL,1),(103,3,5,2,'2019-01-04',NULL,1),(104,3,5,2,'2019-01-05',NULL,1),(105,3,5,2,'2019-01-06',NULL,1),(106,3,5,2,'2019-01-07',NULL,1),(107,3,5,2,'2019-01-08',NULL,1),(108,3,5,2,'2019-01-09',NULL,1),(109,3,5,2,'2019-01-10',NULL,1),(110,3,5,2,'2019-01-11',NULL,1),(111,3,5,2,'2019-01-12',NULL,1),(112,3,5,2,'2019-01-13',NULL,1),(113,3,5,2,'2019-01-14',NULL,1),(114,3,5,2,'2019-01-15',NULL,1),(115,3,5,2,'2019-01-16',NULL,1),(116,3,5,2,'2019-01-17',NULL,1),(117,3,5,2,'2019-01-18',NULL,1),(118,3,5,2,'2019-01-19',NULL,1),(119,3,5,2,'2019-01-20',NULL,1),(120,3,5,2,'2019-01-21',NULL,1),(121,3,5,2,'2019-01-22',NULL,1),(122,3,5,2,'2019-01-23',NULL,1),(123,3,5,2,'2019-01-24',NULL,1),(124,3,5,2,'2019-01-25',NULL,1),(125,3,5,2,'2019-01-26',NULL,1),(126,3,5,2,'2019-01-27',NULL,1),(127,3,5,2,'2019-01-28',NULL,1),(128,3,5,2,'2019-01-29',NULL,1),(129,3,5,2,'2019-01-30',NULL,1),(130,3,5,2,'2019-01-31',NULL,1),(131,3,5,2,'2019-02-01',NULL,1),(132,3,5,2,'2019-02-02',NULL,1),(133,3,5,2,'2019-02-03',NULL,1),(134,3,5,2,'2019-02-04',NULL,1),(135,3,5,2,'2019-02-05',NULL,1),(136,3,5,2,'2019-02-06',NULL,1),(137,3,5,2,'2019-02-07',NULL,1),(138,3,5,2,'2019-02-08',NULL,1),(139,3,5,2,'2019-02-09',NULL,1),(140,3,5,2,'2019-02-10',NULL,1),(141,3,5,2,'2019-02-11',NULL,1),(142,3,5,2,'2019-02-12',NULL,1),(143,3,5,2,'2019-02-13',NULL,1),(144,3,5,2,'2019-02-14',NULL,1),(145,3,5,2,'2019-02-15',NULL,1),(146,3,5,2,'2019-02-16',NULL,1),(147,3,5,2,'2019-02-17',NULL,1),(148,3,5,2,'2019-02-18',NULL,1),(149,3,5,2,'2019-02-19',NULL,1),(150,3,5,2,'2019-02-20',NULL,1),(151,3,5,2,'2019-02-21',NULL,1),(152,3,5,2,'2019-02-22',NULL,1),(153,3,5,2,'2019-02-23',NULL,1),(154,3,5,2,'2019-02-24',NULL,1),(155,3,5,2,'2019-02-25',NULL,1),(156,3,5,2,'2019-02-26',NULL,1),(157,3,5,2,'2019-02-27',NULL,1),(158,3,5,2,'2019-02-28',NULL,1),(159,3,5,2,'2019-03-01',NULL,1),(160,3,5,2,'2019-03-02',NULL,1),(161,3,5,2,'2019-03-03',NULL,1),(162,3,5,2,'2019-03-04',NULL,1),(163,3,5,2,'2019-03-05',NULL,1),(164,3,5,2,'2019-03-06',NULL,1),(165,3,5,2,'2019-03-07',NULL,1),(166,3,5,2,'2019-03-08',NULL,1),(167,3,5,2,'2019-03-09',NULL,1),(168,3,5,2,'2019-03-10',NULL,1),(169,3,5,2,'2019-03-11',NULL,1),(170,3,5,2,'2019-03-12',NULL,1),(171,3,5,2,'2019-03-13',NULL,1),(172,3,5,2,'2019-03-14',NULL,1),(173,3,5,2,'2019-03-15',NULL,1),(174,3,5,2,'2019-03-16',NULL,1),(175,3,5,2,'2019-03-17',NULL,1),(176,3,5,2,'2019-03-18',NULL,1),(177,3,5,2,'2019-03-19',NULL,1),(178,3,5,2,'2019-03-20',NULL,1),(179,3,5,2,'2019-03-21',NULL,1),(180,3,5,2,'2019-03-22',NULL,1),(181,3,5,2,'2019-03-23',NULL,1),(182,3,5,2,'2019-03-24',NULL,1),(183,3,5,2,'2019-03-25',NULL,1),(184,3,5,2,'2019-03-26',NULL,1),(185,3,5,2,'2019-03-27',NULL,1),(186,3,5,2,'2019-03-28',NULL,1),(187,3,5,2,'2019-03-29',NULL,1),(188,3,5,2,'2019-03-30',NULL,1),(189,3,5,2,'2019-03-31',NULL,1),(190,3,5,2,'2019-04-01',NULL,1),(191,3,5,2,'2019-04-02',NULL,1),(192,3,5,2,'2019-04-03',NULL,1),(193,3,5,2,'2019-04-04',NULL,1),(194,3,5,2,'2019-04-05',NULL,1),(195,3,5,2,'2019-04-06',NULL,1),(196,3,5,2,'2019-04-07',NULL,1),(197,3,5,2,'2019-04-08',NULL,1),(198,3,5,2,'2019-04-09',NULL,1),(199,3,5,2,'2019-04-10',NULL,1),(200,3,5,2,'2019-04-11',NULL,1),(201,3,5,2,'2019-04-12',NULL,1),(202,3,5,2,'2019-04-13',NULL,1),(203,3,5,2,'2019-04-14',NULL,1),(204,3,5,2,'2019-04-15',NULL,1),(205,3,5,2,'2019-04-16',NULL,1),(206,3,5,2,'2019-04-17',NULL,1),(207,3,5,2,'2019-04-18',NULL,1),(208,3,5,2,'2019-04-19',NULL,1),(209,3,5,2,'2019-04-20',NULL,1),(210,3,5,2,'2019-04-21',NULL,1),(211,3,5,2,'2019-04-22',NULL,1),(212,3,5,2,'2019-04-23',NULL,1),(213,3,5,2,'2019-04-24',NULL,1),(214,3,5,2,'2019-04-25',NULL,1),(215,3,5,2,'2019-04-26',NULL,1),(216,3,5,2,'2019-04-27',NULL,1),(217,3,5,2,'2019-04-28',NULL,1),(218,3,5,2,'2019-04-29',NULL,1),(219,3,5,2,'2019-04-30',NULL,1),(220,3,5,2,'2019-05-01',NULL,1),(221,3,5,2,'2019-05-02',NULL,1),(222,3,5,2,'2019-05-03',NULL,1),(223,3,5,2,'2019-05-04',NULL,1),(224,3,5,2,'2019-05-05',NULL,1),(225,3,5,2,'2019-05-06',NULL,1),(226,3,5,2,'2019-05-07',NULL,1),(227,3,5,2,'2019-05-08',NULL,1),(228,3,5,2,'2019-05-09',NULL,1),(229,3,5,2,'2019-05-10',NULL,1),(230,3,5,2,'2019-05-11',NULL,1),(231,3,5,2,'2019-05-12',NULL,1),(232,3,5,2,'2019-05-13',NULL,1),(233,3,5,2,'2019-05-14',NULL,1),(234,3,5,2,'2019-05-15',NULL,1),(235,3,5,2,'2019-05-16',NULL,1),(236,3,5,2,'2019-05-17',NULL,1),(237,3,5,2,'2019-05-18',NULL,1),(238,3,5,2,'2019-05-19',NULL,1),(239,3,5,2,'2019-05-20',NULL,1),(240,3,5,2,'2019-05-21',NULL,1),(241,3,5,2,'2019-05-22',NULL,1),(242,3,5,2,'2019-05-23',NULL,1),(243,3,5,2,'2019-05-24',NULL,1),(244,3,5,2,'2019-05-25',NULL,1),(245,3,5,2,'2019-05-26',NULL,1),(246,3,5,2,'2019-05-27',NULL,1),(247,3,5,2,'2019-05-28',NULL,1),(248,3,5,2,'2019-05-29',NULL,1),(249,3,5,2,'2019-05-30',NULL,1),(250,3,5,2,'2019-05-31',NULL,1),(251,3,5,2,'2019-06-01',NULL,1),(252,3,5,2,'2019-06-02',NULL,1),(253,3,5,2,'2019-06-03',NULL,1),(254,3,5,2,'2019-06-04',NULL,1),(255,3,5,2,'2019-06-05',NULL,1),(256,3,5,2,'2019-06-06',NULL,1),(257,3,5,2,'2019-06-07',NULL,1),(258,3,5,2,'2019-06-08',NULL,1),(259,3,5,2,'2019-06-09',NULL,1),(260,3,5,2,'2019-06-10',NULL,1),(261,3,5,2,'2019-06-11',NULL,1),(262,3,5,2,'2019-06-12',NULL,1),(263,3,5,2,'2019-06-13',NULL,1),(264,3,5,2,'2019-06-14',NULL,1),(265,3,5,2,'2019-06-15',NULL,1),(266,3,5,2,'2019-06-16',NULL,1),(267,3,5,2,'2019-06-17',NULL,1),(268,3,5,2,'2019-06-18',NULL,1),(269,3,5,2,'2019-06-19',NULL,1),(270,3,5,2,'2019-06-20',NULL,1),(271,3,5,2,'2019-06-21',NULL,1),(272,3,5,2,'2019-06-22',NULL,1),(273,3,5,2,'2019-06-23',NULL,1),(274,3,5,2,'2019-06-24',NULL,1),(275,3,5,2,'2019-06-25',NULL,1),(276,3,5,2,'2019-06-26',NULL,1),(277,3,5,2,'2019-06-27',NULL,1),(278,3,5,2,'2019-06-28',NULL,1),(279,3,5,2,'2019-06-29',NULL,1),(280,3,5,2,'2019-06-30',NULL,1),(281,3,5,2,'2019-07-01',NULL,1),(282,3,5,2,'2019-07-02',NULL,1),(283,3,5,2,'2019-07-03',NULL,1),(284,3,5,2,'2019-07-04',NULL,1),(285,3,5,2,'2019-07-05',NULL,1),(286,3,5,2,'2019-07-06',NULL,1),(287,3,5,2,'2019-07-07',NULL,1),(288,3,5,2,'2019-07-08',NULL,1),(289,3,5,2,'2019-07-09',NULL,1),(290,3,5,2,'2019-07-10',NULL,1),(291,3,5,2,'2019-07-11',NULL,1),(292,3,5,2,'2019-07-12',NULL,1),(293,3,5,2,'2019-07-13',NULL,1),(294,3,5,2,'2019-07-14',NULL,1),(295,3,5,2,'2019-07-15',NULL,1),(296,3,5,2,'2019-07-16',NULL,1),(297,3,5,2,'2019-07-17',NULL,1),(298,3,5,2,'2019-07-18',NULL,1),(299,3,5,2,'2019-07-19',NULL,1),(300,3,5,2,'2019-07-20',NULL,1),(301,3,5,2,'2019-07-21',NULL,1),(302,3,5,2,'2019-07-22',NULL,1),(303,3,5,2,'2019-07-23',NULL,1),(304,3,5,2,'2019-07-24',NULL,1),(305,3,5,2,'2019-07-25',NULL,1),(306,3,5,2,'2019-07-26',NULL,1),(307,3,5,2,'2019-07-27',NULL,1),(308,3,5,2,'2019-07-28',NULL,1),(309,3,5,2,'2019-07-29',NULL,1),(310,3,5,2,'2019-07-30',NULL,1),(311,3,5,2,'2019-07-31',NULL,1),(312,3,5,2,'2019-08-01',NULL,1),(313,3,5,2,'2019-08-02',NULL,1),(314,3,5,2,'2019-08-03',NULL,1),(315,3,5,2,'2019-08-04',NULL,1),(316,3,5,2,'2019-08-05',NULL,1),(317,3,5,2,'2019-08-06',NULL,1),(318,3,5,2,'2019-08-07',NULL,1),(319,3,5,2,'2019-08-08',NULL,1),(320,3,5,2,'2019-08-09',NULL,1),(321,3,5,2,'2019-08-10',NULL,1),(322,3,5,2,'2019-08-11',NULL,1),(323,3,5,2,'2019-08-12',NULL,1),(324,3,5,2,'2019-08-13',NULL,1),(325,3,5,2,'2019-08-14',NULL,1),(326,3,5,2,'2019-08-15',NULL,1),(327,3,5,2,'2019-08-16',NULL,1),(328,3,5,2,'2019-08-17',NULL,1),(329,3,5,2,'2019-08-18',NULL,1),(330,3,5,2,'2019-08-19',NULL,1),(331,3,5,2,'2019-08-20',NULL,1),(332,3,5,2,'2019-08-21',NULL,1),(333,3,5,2,'2019-08-22',NULL,1),(334,3,5,2,'2019-08-23',NULL,1),(335,3,5,2,'2019-08-24',NULL,1),(336,3,5,2,'2019-08-25',NULL,1),(337,3,5,2,'2019-08-26',NULL,0),(338,3,5,2,'2019-08-27',NULL,0),(339,3,5,2,'2019-08-28',NULL,0),(340,3,5,2,'2019-08-29',NULL,0),(341,3,5,2,'2019-08-30',NULL,0),(342,3,5,2,'2019-08-31',NULL,0),(343,3,5,2,'2019-09-01',NULL,0),(344,3,5,2,'2019-09-02',NULL,0),(345,3,5,2,'2019-09-03',NULL,0),(346,3,5,2,'2019-09-04',NULL,0),(347,3,5,2,'2019-09-05',NULL,0),(348,3,5,2,'2019-09-06',NULL,0),(349,3,5,2,'2019-09-07',NULL,0),(350,3,5,2,'2019-09-08',NULL,0),(351,3,5,2,'2019-09-09',NULL,0),(352,3,5,2,'2019-09-10',NULL,0),(353,3,5,2,'2019-09-11',NULL,0),(354,3,5,2,'2019-09-12',NULL,0),(355,3,5,2,'2019-09-13',NULL,0),(356,3,5,2,'2019-09-14',NULL,0),(357,3,5,2,'2019-09-15',NULL,0),(358,3,5,2,'2019-09-16',NULL,0),(359,3,5,2,'2019-09-17',NULL,0),(360,3,5,2,'2019-09-18',NULL,0),(361,3,5,2,'2019-09-19',NULL,0),(362,3,5,2,'2019-09-20',NULL,0),(363,3,5,2,'2019-09-21',NULL,0),(364,3,5,2,'2019-09-22',NULL,0),(365,3,5,2,'2019-09-23',NULL,0),(366,3,5,2,'2019-09-24',NULL,0),(367,3,5,2,'2019-09-25',NULL,0),(368,3,5,2,'2019-09-26',NULL,0),(369,3,5,2,'2019-09-27',NULL,0),(370,3,5,2,'2019-09-28',NULL,0),(371,3,5,2,'2019-09-29',NULL,0),(372,3,5,2,'2019-09-30',NULL,0),(373,3,5,2,'2019-10-01',NULL,0),(374,3,5,2,'2019-10-02',NULL,0),(375,3,5,2,'2019-10-03',NULL,0),(376,3,5,2,'2019-10-04',NULL,0),(377,3,5,2,'2019-10-05',NULL,0),(378,3,5,2,'2019-10-06',NULL,0),(379,3,5,2,'2019-10-07',NULL,0),(380,3,5,2,'2019-10-08',NULL,0),(381,3,5,2,'2019-10-09',NULL,0),(382,3,5,2,'2019-10-10',NULL,0),(383,3,5,2,'2019-10-11',NULL,0),(384,3,5,2,'2019-10-12',NULL,0),(385,3,5,2,'2019-10-13',NULL,0),(386,3,5,2,'2019-10-14',NULL,0),(387,3,5,2,'2019-10-15',NULL,0),(388,3,5,2,'2019-10-16',NULL,0),(389,3,5,2,'2019-10-17',NULL,0),(390,3,5,2,'2019-10-18',NULL,0),(391,3,5,2,'2019-10-19',NULL,0),(392,3,5,2,'2019-10-20',NULL,0),(393,3,5,2,'2019-10-21',NULL,0),(394,3,5,2,'2019-10-22',NULL,0),(395,3,5,2,'2019-10-23',NULL,0),(396,3,5,2,'2019-10-24',NULL,0),(397,3,5,2,'2019-10-25',NULL,0),(398,3,5,2,'2019-10-26',NULL,0),(399,3,5,2,'2019-10-27',NULL,0),(400,3,5,2,'2019-10-28',NULL,0),(401,3,5,2,'2019-10-29',NULL,0),(402,3,5,2,'2019-10-30',NULL,0),(403,3,5,2,'2019-10-31',NULL,0),(404,3,5,2,'2019-11-01',NULL,0),(405,3,5,2,'2019-11-02',NULL,0),(406,3,5,2,'2019-11-03',NULL,0),(407,3,5,2,'2019-11-04',NULL,0),(408,3,5,2,'2019-11-05',NULL,0),(409,3,5,2,'2019-11-06',NULL,0),(410,3,5,2,'2019-11-07',NULL,0),(411,3,5,2,'2019-11-08',NULL,0),(412,3,5,2,'2019-11-09',NULL,0),(413,3,5,2,'2019-11-10',NULL,0),(414,3,5,2,'2019-11-11',NULL,0),(415,3,5,2,'2019-11-12',NULL,0),(416,3,5,2,'2019-11-13',NULL,0),(417,3,5,2,'2019-11-14',NULL,0),(418,3,5,2,'2019-11-15',NULL,0),(419,3,5,2,'2019-11-16',NULL,0),(420,3,5,2,'2019-11-17',NULL,0),(421,3,5,2,'2019-11-18',NULL,0),(422,3,5,2,'2019-11-19',NULL,0),(423,3,5,2,'2019-11-20',NULL,0),(424,3,5,2,'2019-11-21',NULL,0),(425,3,5,2,'2019-11-22',NULL,0),(426,3,5,2,'2019-11-23',NULL,0),(427,3,5,2,'2019-11-24',NULL,0),(428,3,5,2,'2019-11-25',NULL,0),(429,3,5,2,'2019-11-26',NULL,0),(430,3,5,2,'2019-11-27',NULL,0),(431,3,5,2,'2019-11-28',NULL,0),(432,3,5,2,'2019-11-29',NULL,0),(433,3,5,2,'2019-11-30',NULL,0),(434,3,5,2,'2019-12-01',NULL,0),(435,3,5,2,'2019-12-02',NULL,0),(436,3,5,2,'2019-12-03',NULL,0),(437,3,5,2,'2019-12-04',NULL,0),(438,3,5,2,'2019-12-05',NULL,0),(439,3,5,2,'2019-12-06',NULL,0),(440,3,5,2,'2019-12-07',NULL,0),(441,3,5,2,'2019-12-08',NULL,0),(442,3,5,2,'2019-12-09',NULL,0),(443,3,5,2,'2019-12-10',NULL,0),(444,3,5,2,'2019-12-11',NULL,0),(445,3,5,2,'2019-12-12',NULL,0),(446,3,5,2,'2019-12-13',NULL,0),(447,3,5,2,'2019-12-14',NULL,0),(448,3,5,2,'2019-12-15',NULL,0),(449,3,5,2,'2019-12-16',NULL,0),(450,3,5,2,'2019-12-17',NULL,0),(451,3,5,2,'2019-12-18',NULL,0),(452,3,5,2,'2019-12-19',NULL,0),(453,3,5,2,'2019-12-20',NULL,0),(454,3,5,2,'2019-12-21',NULL,0),(455,3,5,2,'2019-12-22',NULL,0),(456,3,5,2,'2019-12-23',NULL,0),(457,3,5,2,'2019-12-24',NULL,0),(458,3,5,2,'2019-12-25',NULL,0),(459,3,5,2,'2019-12-26',NULL,0),(460,3,5,2,'2019-12-27',NULL,0),(461,3,5,2,'2019-12-28',NULL,0),(462,3,5,2,'2019-12-29',NULL,0),(463,3,5,2,'2019-12-30',NULL,0),(464,3,5,2,'2019-12-31',NULL,0),(465,3,5,2,'2020-01-01',NULL,0),(466,3,5,2,'2020-01-02',NULL,0),(467,3,5,2,'2020-01-03',NULL,0),(468,3,5,2,'2020-01-04',NULL,0),(469,3,5,2,'2020-01-05',NULL,0),(470,3,5,2,'2020-01-06',NULL,0),(471,3,5,2,'2020-01-07',NULL,0),(472,3,5,2,'2020-01-08',NULL,0),(473,3,5,2,'2020-01-09',NULL,0),(474,3,5,2,'2020-01-10',NULL,0),(475,3,5,2,'2020-01-11',NULL,0),(476,3,5,2,'2020-01-12',NULL,0),(477,3,5,2,'2020-01-13',NULL,0),(478,3,5,2,'2020-01-14',NULL,0),(479,3,5,2,'2020-01-15',NULL,0),(480,3,5,2,'2020-01-16',NULL,0),(481,3,5,2,'2020-01-17',NULL,0);
/*!40000 ALTER TABLE `pmtasks` ENABLE KEYS */;
UNLOCK TABLES;

--
-- Table structure for table `tasks`
--

DROP TABLE IF EXISTS `tasks`;
/*!40101 SET @saved_cs_client     = @@character_set_client */;
 SET character_set_client = utf8mb4 ;
CREATE TABLE `tasks` (
  `ID` bigint(20) NOT NULL AUTO_INCREMENT,
  `Name` varchar(50) COLLATE utf8_bin NOT NULL,
  PRIMARY KEY (`ID`)
) ENGINE=InnoDB AUTO_INCREMENT=8 DEFAULT CHARSET=utf8 COLLATE=utf8_bin;
/*!40101 SET character_set_client = @saved_cs_client */;

--
-- Dumping data for table `tasks`
--

LOCK TABLES `tasks` WRITE;
/*!40000 ALTER TABLE `tasks` DISABLE KEYS */;
INSERT INTO `tasks` VALUES (1,'Get Tires Rotated and Balanced.'),(2,'Check Engine Oil'),(3,'Check  Air Filter'),(4,'Check Battery'),(5,'Inspect for any damage to paint on pump'),(6,'Inspect cord and cord placement'),(7,'Pull each pump and reset');
/*!40000 ALTER TABLE `tasks` ENABLE KEYS */;
UNLOCK TABLES;
/*!40103 SET TIME_ZONE=@OLD_TIME_ZONE */;

/*!40101 SET SQL_MODE=@OLD_SQL_MODE */;
/*!40014 SET FOREIGN_KEY_CHECKS=@OLD_FOREIGN_KEY_CHECKS */;
/*!40014 SET UNIQUE_CHECKS=@OLD_UNIQUE_CHECKS */;
/*!40101 SET CHARACTER_SET_CLIENT=@OLD_CHARACTER_SET_CLIENT */;
/*!40101 SET CHARACTER_SET_RESULTS=@OLD_CHARACTER_SET_RESULTS */;
/*!40101 SET COLLATION_CONNECTION=@OLD_COLLATION_CONNECTION */;
/*!40111 SET SQL_NOTES=@OLD_SQL_NOTES */;

-- Dump completed on 2019-08-23 22:31:34
