-- MySQL dump 10.13  Distrib 8.0.14, for Win64 (x86_64)
--
-- Host: 127.0.0.1    Database: session6
-- ------------------------------------------------------
-- Server version	8.0.14

/*!40101 SET @OLD_CHARACTER_SET_CLIENT=@@CHARACTER_SET_CLIENT */;
/*!40101 SET @OLD_CHARACTER_SET_RESULTS=@@CHARACTER_SET_RESULTS */;
/*!40101 SET @OLD_COLLATION_CONNECTION=@@COLLATION_CONNECTION */;
 SET NAMES utf8 ;
/*!40103 SET @OLD_TIME_ZONE=@@TIME_ZONE */;
/*!40103 SET TIME_ZONE='+00:00' */;
/*!40014 SET @OLD_UNIQUE_CHECKS=@@UNIQUE_CHECKS, UNIQUE_CHECKS=0 */;
/*!40014 SET @OLD_FOREIGN_KEY_CHECKS=@@FOREIGN_KEY_CHECKS, FOREIGN_KEY_CHECKS=0 */;
/*!40101 SET @OLD_SQL_MODE=@@SQL_MODE, SQL_MODE='NO_AUTO_VALUE_ON_ZERO' */;
/*!40111 SET @OLD_SQL_NOTES=@@SQL_NOTES, SQL_NOTES=0 */;

--
-- Table structure for table `assets`
--

DROP TABLE IF EXISTS `assets`;
/*!40101 SET @saved_cs_client     = @@character_set_client */;
 SET character_set_client = utf8mb4 ;
CREATE TABLE `assets` (
  `ID` bigint(20) NOT NULL AUTO_INCREMENT,
  `AssetSN` varchar(20) COLLATE utf8_bin NOT NULL,
  `AssetName` varchar(150) COLLATE utf8_bin NOT NULL,
  `DepartmentLocationID` bigint(20) NOT NULL,
  `EmployeeID` bigint(20) NOT NULL,
  `AssetGroupID` bigint(20) NOT NULL,
  `Description` text COLLATE utf8_bin NOT NULL,
  `WarrantyDate` date DEFAULT NULL,
  PRIMARY KEY (`ID`),
  KEY `FK_Assets_DepartmentLocations` (`DepartmentLocationID`),
  CONSTRAINT `FK_Assets_DepartmentLocations` FOREIGN KEY (`DepartmentLocationID`) REFERENCES `departmentlocations` (`ID`)
) ENGINE=InnoDB AUTO_INCREMENT=5 DEFAULT CHARSET=utf8 COLLATE=utf8_bin;
/*!40101 SET character_set_client = @saved_cs_client */;

--
-- Dumping data for table `assets`
--

LOCK TABLES `assets` WRITE;
/*!40000 ALTER TABLE `assets` DISABLE KEYS */;
INSERT INTO `assets` VALUES (1,'05/04/0001','Toyota Hilux FAF321',3,5,4,'',NULL),(2,'04/03/0001','Suction Line 852',7,8,3,'','2020-03-02'),(3,'01/01/0001','ZENY 3,5CFM Single-Stage 5 Pa Rotary Vane',11,22,1,'','2018-01-17'),(4,'05/04/0002','Volvo FH16',4,26,4,'',NULL);
/*!40000 ALTER TABLE `assets` ENABLE KEYS */;
UNLOCK TABLES;

--
-- Table structure for table `departmentlocations`
--

DROP TABLE IF EXISTS `departmentlocations`;
/*!40101 SET @saved_cs_client     = @@character_set_client */;
 SET character_set_client = utf8mb4 ;
CREATE TABLE `departmentlocations` (
  `ID` bigint(20) NOT NULL AUTO_INCREMENT,
  `DepartmentID` bigint(20) NOT NULL,
  `LocationID` bigint(20) NOT NULL,
  `StartDate` date NOT NULL,
  `EndDate` date DEFAULT NULL,
  PRIMARY KEY (`ID`),
  KEY `FK_DepartmentLocations_Departments` (`DepartmentID`),
  KEY `FK_DepartmentLocations_Locations` (`LocationID`),
  CONSTRAINT `FK_DepartmentLocations_Departments` FOREIGN KEY (`DepartmentID`) REFERENCES `departments` (`ID`),
  CONSTRAINT `FK_DepartmentLocations_Locations` FOREIGN KEY (`LocationID`) REFERENCES `locations` (`ID`)
) ENGINE=InnoDB AUTO_INCREMENT=13 DEFAULT CHARSET=utf8 COLLATE=utf8_bin;
/*!40101 SET character_set_client = @saved_cs_client */;

--
-- Dumping data for table `departmentlocations`
--

LOCK TABLES `departmentlocations` WRITE;
/*!40000 ALTER TABLE `departmentlocations` DISABLE KEYS */;
INSERT INTO `departmentlocations` VALUES (1,6,3,'2010-12-28','2011-01-20'),(2,6,2,'2015-12-27','2019-08-20'),(3,5,2,'1996-04-29',NULL),(4,5,1,'2002-03-04',NULL),(5,5,1,'1991-03-25','2001-10-30'),(6,4,3,'2012-05-28',NULL),(7,4,2,'2005-05-04',NULL),(8,3,2,'1992-10-17',NULL),(9,3,3,'2000-01-08',NULL),(10,2,1,'1993-12-25',NULL),(11,1,2,'2005-11-11',NULL),(12,1,2,'1991-01-17','2000-02-02');
/*!40000 ALTER TABLE `departmentlocations` ENABLE KEYS */;
UNLOCK TABLES;

--
-- Table structure for table `departments`
--

DROP TABLE IF EXISTS `departments`;
/*!40101 SET @saved_cs_client     = @@character_set_client */;
 SET character_set_client = utf8mb4 ;
CREATE TABLE `departments` (
  `ID` bigint(20) NOT NULL AUTO_INCREMENT,
  `Name` varchar(100) COLLATE utf8_bin NOT NULL,
  PRIMARY KEY (`ID`)
) ENGINE=InnoDB AUTO_INCREMENT=7 DEFAULT CHARSET=utf8 COLLATE=utf8_bin;
/*!40101 SET character_set_client = @saved_cs_client */;

--
-- Dumping data for table `departments`
--

LOCK TABLES `departments` WRITE;
/*!40000 ALTER TABLE `departments` DISABLE KEYS */;
INSERT INTO `departments` VALUES (1,'Exploration'),(2,'Production'),(3,'Transportation'),(4,'R&D'),(5,'Distribution'),(6,'QHSE');
/*!40000 ALTER TABLE `departments` ENABLE KEYS */;
UNLOCK TABLES;

--
-- Table structure for table `emergencymaintenances`
--

DROP TABLE IF EXISTS `emergencymaintenances`;
/*!40101 SET @saved_cs_client     = @@character_set_client */;
 SET character_set_client = utf8mb4 ;
CREATE TABLE `emergencymaintenances` (
  `ID` bigint(20) NOT NULL AUTO_INCREMENT,
  `AssetID` bigint(20) NOT NULL,
  `PriorityID` bigint(20) NOT NULL,
  `DescriptionEmergency` varchar(200) COLLATE utf8_bin NOT NULL,
  `OtherConsiderations` varchar(200) COLLATE utf8_bin NOT NULL,
  `EMRequestDate` date NOT NULL,
  `EMStartDate` date DEFAULT NULL,
  `EMEndDate` date DEFAULT NULL,
  `EMTechnicianNote` varchar(200) COLLATE utf8_bin DEFAULT NULL,
  PRIMARY KEY (`ID`),
  KEY `FK_EmergencyMaintenances_Assets` (`AssetID`),
  CONSTRAINT `FK_EmergencyMaintenances_Assets` FOREIGN KEY (`AssetID`) REFERENCES `assets` (`ID`)
) ENGINE=InnoDB AUTO_INCREMENT=60 DEFAULT CHARSET=utf8 COLLATE=utf8_bin;
/*!40101 SET character_set_client = @saved_cs_client */;

--
-- Dumping data for table `emergencymaintenances`
--

LOCK TABLES `emergencymaintenances` WRITE;
/*!40000 ALTER TABLE `emergencymaintenances` DISABLE KEYS */;
INSERT INTO `emergencymaintenances` VALUES (1,1,2,'Car does not start','none','2019-08-25','2019-08-25',NULL,NULL),(2,4,1,'Perforated tire','none','2019-08-25','2019-08-25',NULL,NULL),(3,4,1,'Preforated tire','none','2017-09-29','2017-09-29','2017-09-29','The tire changed'),(4,4,2,'','','2017-01-05','2017-01-05','2017-01-06',''),(5,1,2,'','','2017-01-25','2017-01-25','2017-01-26',''),(6,1,1,'','','2017-02-14','2017-02-14','2017-02-15',''),(7,3,3,'','','2017-03-06','2017-03-06','2017-03-07',''),(8,1,3,'','','2017-03-26','2017-03-26','2017-03-27',''),(9,2,1,'','','2017-04-15','2017-04-15','2017-04-16',''),(10,1,3,'','','2017-05-05','2017-05-05','2017-05-06',''),(11,3,1,'','','2017-05-25','2017-05-25','2017-05-26',''),(12,2,1,'','','2017-06-14','2017-06-14','2017-06-15',''),(13,1,3,'','','2017-07-04','2017-07-04','2017-07-05',''),(14,3,2,'','','2017-07-24','2017-07-24','2017-07-25',''),(15,1,3,'','','2017-08-13','2017-08-13','2017-08-14',''),(16,1,1,'','','2017-09-02','2017-09-02','2017-09-03',''),(17,1,1,'','','2017-09-22','2017-09-22','2017-09-23',''),(18,4,1,'','','2017-12-12','2017-12-12','2017-12-13',''),(19,3,2,'','','2017-12-01','2017-12-01','2017-12-02',''),(20,4,2,'','','2017-12-21','2017-12-21','2017-12-22',''),(21,1,2,'','','2017-12-11','2017-12-11','2017-12-12',''),(22,1,1,'','','2017-12-31','2017-12-31','2017-12-31',''),(23,3,1,'','','2018-01-20','2018-01-20','2018-01-20',''),(24,4,1,'','','2018-02-09','2018-02-09','2018-02-09',''),(25,1,3,'','','2018-03-01','2018-03-01','2018-03-01',''),(26,3,3,'','','2018-03-21','2018-03-21','2018-03-21',''),(27,1,2,'','','2018-04-10','2018-04-10','2018-04-10',''),(28,4,1,'','','2018-04-30','2018-04-30','2018-04-30',''),(29,1,1,'','','2018-05-20','2018-05-20','2018-05-20',''),(30,2,1,'','','2018-06-09','2018-06-09','2018-06-09',''),(31,1,3,'','','2018-06-29','2018-06-29','2018-06-29',''),(32,4,2,'','','2017-01-05','2017-01-05','2017-01-06',''),(33,1,2,'','','2017-01-25','2017-01-25','2017-01-26',''),(34,1,1,'','','2017-02-14','2017-02-14','2017-02-15',''),(35,3,3,'','','2017-03-06','2017-03-06','2017-03-07',''),(36,1,3,'','','2017-03-26','2017-03-26','2017-03-27',''),(37,2,1,'','','2017-04-15','2017-04-15','2017-04-16',''),(38,1,3,'','','2017-05-05','2017-05-05','2017-05-06',''),(39,3,1,'','','2017-05-25','2017-05-25','2017-05-26',''),(40,2,1,'','','2017-06-14','2017-06-14','2017-06-15',''),(41,1,3,'','','2017-07-04','2017-07-04','2017-07-05',''),(42,3,2,'','','2017-07-24','2017-07-24','2017-07-25',''),(43,1,3,'','','2017-08-13','2017-08-13','2017-08-14',''),(44,1,1,'','','2017-09-02','2017-09-02','2017-09-03',''),(45,1,1,'','','2017-09-22','2017-09-22','2017-09-23',''),(46,4,1,'','','2017-12-12','2017-12-12','2017-12-13',''),(47,3,2,'','','2017-12-01','2017-12-01','2017-12-02',''),(48,4,2,'','','2017-12-21','2017-12-21','2017-12-22',''),(49,1,2,'','','2017-12-11','2017-12-11','2017-12-12',''),(50,1,1,'','','2017-12-31','2017-12-31','2017-12-31',''),(51,3,1,'','','2018-01-20','2018-01-20','2018-01-20',''),(52,4,1,'','','2018-02-09','2018-02-09','2018-02-09',''),(53,1,3,'','','2018-03-01','2018-03-01','2018-03-01',''),(54,3,3,'','','2018-03-21','2018-03-21','2018-03-21',''),(55,1,2,'','','2018-04-10','2018-04-10','2018-04-10',''),(56,4,1,'','','2018-04-30','2018-04-30','2018-04-30',''),(57,1,1,'','','2018-05-20','2018-05-20','2018-05-20',''),(58,2,1,'','','2018-06-09','2018-06-09','2018-06-09',''),(59,1,3,'','','2018-06-29','2018-06-29','2018-06-29','');
/*!40000 ALTER TABLE `emergencymaintenances` ENABLE KEYS */;
UNLOCK TABLES;

--
-- Table structure for table `locations`
--

DROP TABLE IF EXISTS `locations`;
/*!40101 SET @saved_cs_client     = @@character_set_client */;
 SET character_set_client = utf8mb4 ;
CREATE TABLE `locations` (
  `ID` bigint(20) NOT NULL AUTO_INCREMENT,
  `Name` varchar(100) COLLATE utf8_bin NOT NULL,
  PRIMARY KEY (`ID`)
) ENGINE=InnoDB AUTO_INCREMENT=4 DEFAULT CHARSET=utf8 COLLATE=utf8_bin;
/*!40101 SET character_set_client = @saved_cs_client */;

--
-- Dumping data for table `locations`
--

LOCK TABLES `locations` WRITE;
/*!40000 ALTER TABLE `locations` DISABLE KEYS */;
INSERT INTO `locations` VALUES (1,'Kazan'),(2,'Volka'),(3,'Moscow');
/*!40000 ALTER TABLE `locations` ENABLE KEYS */;
UNLOCK TABLES;

--
-- Table structure for table `orderitems`
--

DROP TABLE IF EXISTS `orderitems`;
/*!40101 SET @saved_cs_client     = @@character_set_client */;
 SET character_set_client = utf8mb4 ;
CREATE TABLE `orderitems` (
  `ID` bigint(20) NOT NULL AUTO_INCREMENT,
  `OrderID` bigint(20) NOT NULL,
  `PartID` bigint(20) NOT NULL,
  `BatchNumber` varchar(50) COLLATE utf8_bin DEFAULT NULL,
  `Amount` decimal(18,2) NOT NULL,
  `Stock` decimal(18,2) DEFAULT NULL,
  `UnitPrice` decimal(19,4) DEFAULT NULL,
  PRIMARY KEY (`ID`),
  KEY `FK_OrderItems_Orders` (`OrderID`),
  KEY `FK_Transactions_Parts` (`PartID`),
  CONSTRAINT `FK_OrderItems_Orders` FOREIGN KEY (`OrderID`) REFERENCES `orders` (`ID`),
  CONSTRAINT `FK_Transactions_Parts` FOREIGN KEY (`PartID`) REFERENCES `parts` (`ID`)
) ENGINE=InnoDB AUTO_INCREMENT=669 DEFAULT CHARSET=utf8 COLLATE=utf8_bin;
/*!40101 SET character_set_client = @saved_cs_client */;

--
-- Dumping data for table `orderitems`
--

LOCK TABLES `orderitems` WRITE;
/*!40000 ALTER TABLE `orderitems` DISABLE KEYS */;
INSERT INTO `orderitems` VALUES (1,1,8,'',2.00,1.00,330.0000),(2,1,6,'SL1258',2.00,1.00,250.0000),(3,1,1,'',4.00,1.00,481.0000),(5,1,10,'TR740LKO',1.00,0.00,180.0000),(6,1,12,'',2.00,2.00,1740.0000),(7,2,4,'XP985S',4.00,1.00,450.0000),(9,2,7,'',5.00,0.00,1000.0000),(10,2,3,'',10.00,10.00,180.0000),(11,2,8,'',2.00,2.00,332.0000),(12,3,4,'XM471W',2.00,0.00,127.0000),(13,3,5,'',5.00,5.00,200.0000),(14,3,1,'',4.00,4.00,440.0000),(16,3,2,'',5.00,5.00,780.0000),(17,4,8,'',2.00,2.00,311.0000),(19,4,3,'',5.00,5.00,180.0000),(20,5,10,'TB44705KO',3.00,3.00,580.0000),(21,5,12,'',1.00,0.00,1740.0000),(22,5,6,'KL4701',5.00,5.00,541.0000),(23,5,7,'',3.00,0.00,1101.0000),(25,5,11,'',5.00,5.00,50.0000),(26,6,8,'',1.00,1.00,330.0000),(27,6,2,'',7.00,7.00,780.0000),(29,6,12,'',1.00,1.00,1740.0000),(30,6,4,'XP985S',4.00,0.00,460.0000),(31,7,11,'',5.00,5.00,50.0000),(32,7,6,'KL4701',4.00,4.00,542.0000),(33,7,3,'',5.00,5.00,180.0000),(36,8,3,'',5.00,5.00,180.0000),(37,8,8,'',2.00,2.00,320.0000),(38,9,9,'',3.00,0.00,200.0000),(39,9,6,'KL4701',3.00,0.00,543.0000),(41,9,11,'',3.00,0.00,50.0000),(42,10,12,'',4.00,4.00,1742.0000),(43,10,8,'',5.00,2.00,370.0000),(44,11,7,'',4.00,0.00,1150.0000),(45,11,1,'',4.00,1.00,450.0000),(46,11,2,'',5.00,0.00,780.0000),(47,11,10,'TJ140OO',3.00,3.00,11.0000),(48,12,6,'KL4701',5.00,0.00,544.0000),(49,12,11,'',5.00,0.00,50.0000),(50,12,3,'',1.00,0.00,180.0000),(51,12,9,'',3.00,0.00,200.0000),(52,13,4,'XM471W',5.00,5.00,126.0000),(53,14,5,'',4.00,0.00,200.0000),(54,14,11,'',5.00,0.00,50.0000),(55,14,12,'',5.00,5.00,1742.0000),(56,15,4,'XM471W',1.00,1.00,125.0000),(57,15,8,'',2.00,2.00,329.0000),(58,15,6,'KO4570',5.00,5.00,1580.0000),(60,16,8,'',1.00,1.00,318.0000),(61,16,12,'',3.00,2.00,1743.0000),(62,16,10,'TJ140OO',1.00,0.00,16.0000),(63,16,7,'',3.00,1.00,1155.0000),(64,17,7,'',3.00,3.00,999.0000),(65,17,9,'',1.00,0.00,200.0000),(67,18,1,'',2.00,2.00,433.0000),(68,18,5,'',1.00,0.00,200.0000),(69,18,4,'XM471W',3.00,3.00,124.0000),(72,19,4,'XM471W',5.00,5.00,123.0000),(73,19,1,'',1.00,1.00,480.0000),(74,20,4,'XM471W',3.00,3.00,111.0000),(75,20,7,'',1.00,1.00,997.0000),(77,21,1,'',5.00,1.00,472.0000),(78,21,8,'',2.00,0.00,313.0000),(79,21,6,'KO4570',4.00,0.00,1582.0000),(80,22,9,'',4.00,0.00,200.0000),(81,22,11,'',4.00,0.00,50.0000),(82,22,5,'',2.00,0.00,200.0000),(83,23,3,'',4.00,0.00,180.0000),(84,23,5,'',1.00,0.00,200.0000),(85,23,6,'SL1258',1.00,1.00,255.0000),(86,23,10,'TJ140OO',4.00,4.00,23.0000),(87,24,2,'',3.00,0.00,780.0000),(88,24,1,'',3.00,3.00,470.0000),(89,24,11,'',5.00,0.00,50.0000),(91,25,8,'',4.00,4.00,340.0000),(93,25,11,'',1.00,0.00,50.0000),(95,26,5,'',3.00,0.00,200.0000),(96,26,9,'',5.00,0.00,200.0000),(97,27,7,'',2.00,0.00,1155.0000),(98,27,2,'',5.00,0.00,780.0000),(99,28,11,'',5.00,0.00,50.0000),(100,28,3,'',2.00,0.00,180.0000),(101,28,4,'XP985S',3.00,0.00,450.0000),(102,29,1,'',4.00,0.00,472.0000),(104,29,2,'',3.00,0.00,780.0000),(105,29,5,'',5.00,0.00,200.0000),(106,29,4,'XP985S',4.00,0.00,460.0000),(107,30,11,'',3.00,0.00,50.0000),(108,30,6,'SL1258',1.00,0.00,250.0000),(110,31,10,'TR740LKO',1.00,0.00,180.0000),(112,31,12,'',1.00,0.00,1743.0000),(113,32,11,'',3.00,0.00,50.0000),(114,32,10,'TJ140OO',1.00,0.00,16.0000),(115,32,12,'',1.00,0.00,1740.0000),(116,33,8,'',3.00,0.00,370.0000),(118,33,7,'',2.00,0.00,999.0000),(119,34,8,'',2.00,0.00,313.0000),(120,34,9,'',16.00,0.00,200.0000),(122,34,7,'',1.00,0.00,1155.0000),(123,35,10,'TB44705KO',3.00,0.00,580.0000),(124,35,1,'',4.00,0.00,481.0000),(125,35,3,'',5.00,0.00,180.0000),(126,35,5,'',4.00,0.00,200.0000),(127,36,7,'',3.00,0.00,1101.0000),(128,36,2,'',3.00,0.00,780.0000),(129,37,8,'',1.00,0.00,330.0000),(130,37,11,'',2.00,0.00,50.0000),(131,37,4,'XM471W',2.00,0.00,127.0000),(132,37,2,'',4.00,0.00,780.0000),(133,37,1,'',3.00,0.00,450.0000),(134,37,3,'',4.00,0.00,180.0000),(135,37,7,'',5.00,0.00,1000.0000),(136,37,7,'',4.00,0.00,1150.0000),(137,38,4,'Xl1245',2.00,0.00,500.0000),(138,39,4,'Xl1245',2.00,0.00,500.0000),(139,40,1,'',2.00,0.00,80.0000),(140,40,2,'',2.00,0.00,85.0000),(141,40,3,'',2.00,0.00,744.0000),(142,40,11,'',2.00,0.00,560.0000),(143,41,2,'',2.00,0.00,71.0000),(144,41,5,'',2.00,0.00,487.0000),(145,41,7,'',2.00,0.00,250.0000),(146,41,12,'',2.00,0.00,6300.0000),(147,42,1,'',2.00,0.00,89.0000),(148,42,7,'',2.00,0.00,250.0000),(149,42,11,'',2.00,0.00,560.0000),(150,43,7,'',2.00,0.00,250.0000),(151,43,7,'',2.00,0.00,250.0000),(152,43,8,'',2.00,0.00,320.0000),(153,43,11,'',2.00,0.00,560.0000),(154,43,12,'',2.00,0.00,6300.0000),(155,44,1,'',2.00,0.00,85.0000),(156,44,12,'',2.00,0.00,6300.0000),(157,45,1,'',2.00,0.00,86.0000),(158,45,9,'',2.00,0.00,1500.0000),(159,46,1,'',2.00,0.00,87.0000),(160,46,2,'',2.00,0.00,84.0000),(161,46,8,'',2.00,0.00,320.0000),(162,46,12,'',2.00,0.00,6300.0000),(163,46,12,'',2.00,0.00,6300.0000),(164,47,1,'',2.00,0.00,86.0000),(165,47,2,'',2.00,0.00,78.0000),(166,47,2,'',2.00,0.00,77.0000),(167,47,2,'',2.00,0.00,74.0000),(168,47,3,'',2.00,0.00,675.0000),(169,47,7,'',2.00,0.00,250.0000),(170,47,11,'',2.00,0.00,560.0000),(171,47,12,'',2.00,0.00,6300.0000),(172,48,2,'',2.00,0.00,73.0000),(173,48,7,'',2.00,0.00,250.0000),(174,48,11,'',2.00,0.00,560.0000),(175,48,11,'',2.00,0.00,560.0000),(176,49,1,'',2.00,0.00,88.0000),(177,49,7,'',2.00,0.00,250.0000),(178,49,12,'',2.00,0.00,6300.0000),(179,50,2,'',2.00,0.00,75.0000),(180,50,5,'',2.00,0.00,460.0000),(181,50,8,'',2.00,0.00,320.0000),(182,50,11,'',2.00,0.00,560.0000),(183,50,11,'',2.00,0.00,560.0000),(184,51,1,'',2.00,0.00,80.0000),(185,51,1,'',2.00,0.00,83.0000),(186,51,3,'',2.00,0.00,746.0000),(187,51,5,'',2.00,0.00,401.0000),(188,51,5,'',2.00,0.00,424.0000),(189,52,3,'',2.00,0.00,756.0000),(190,52,5,'',2.00,0.00,443.0000),(191,53,2,'',2.00,0.00,71.0000),(192,53,7,'',2.00,0.00,250.0000),(193,53,7,'',2.00,0.00,250.0000),(194,53,12,'',2.00,0.00,6300.0000),(195,53,12,'',2.00,0.00,6300.0000),(196,53,12,'',2.00,0.00,6300.0000),(197,54,1,'',2.00,0.00,90.0000),(198,54,1,'',2.00,0.00,85.0000),(199,54,5,'',2.00,0.00,414.0000),(200,54,5,'',2.00,0.00,438.0000),(201,54,9,'',2.00,0.00,1500.0000),(202,54,11,'',2.00,0.00,560.0000),(203,54,12,'',2.00,0.00,6300.0000),(204,55,1,'',2.00,0.00,87.0000),(205,55,8,'',2.00,0.00,320.0000),(206,55,8,'',2.00,0.00,320.0000),(207,56,2,'',2.00,0.00,77.0000),(208,56,5,'',2.00,0.00,470.0000),(209,56,8,'',2.00,0.00,320.0000),(210,56,11,'',2.00,0.00,560.0000),(211,57,5,'',2.00,0.00,445.0000),(212,57,8,'',2.00,0.00,320.0000),(213,57,9,'',2.00,0.00,1500.0000),(214,57,11,'',2.00,0.00,560.0000),(215,58,3,'',2.00,0.00,752.0000),(216,58,12,'',2.00,0.00,6300.0000),(217,58,12,'',2.00,0.00,6300.0000),(218,59,1,'',2.00,0.00,83.0000),(219,59,1,'',2.00,0.00,86.0000),(220,59,12,'',2.00,0.00,6300.0000),(221,59,12,'',2.00,0.00,6300.0000),(222,59,12,'',2.00,0.00,6300.0000),(223,59,12,'',2.00,0.00,6300.0000),(224,60,3,'',2.00,0.00,881.0000),(225,60,8,'',2.00,0.00,320.0000),(226,60,12,'',2.00,0.00,6300.0000),(227,61,1,'',2.00,0.00,86.0000),(228,61,2,'',2.00,0.00,73.0000),(229,61,9,'',2.00,0.00,1500.0000),(230,61,12,'',2.00,0.00,6300.0000),(231,61,12,'',2.00,0.00,6300.0000),(232,62,2,'',2.00,0.00,82.0000),(233,63,1,'',2.00,0.00,84.0000),(234,63,2,'',2.00,0.00,84.0000),(235,63,8,'',2.00,0.00,320.0000),(236,63,11,'',2.00,0.00,560.0000),(237,63,12,'',2.00,0.00,6300.0000),(238,64,3,'',2.00,0.00,598.0000),(239,64,7,'',2.00,0.00,250.0000),(240,64,9,'',2.00,0.00,1500.0000),(241,64,9,'',2.00,0.00,1500.0000),(242,64,11,'',2.00,0.00,560.0000),(243,65,1,'',2.00,0.00,90.0000),(244,65,2,'',2.00,0.00,70.0000),(245,65,2,'',2.00,0.00,85.0000),(246,65,5,'',2.00,0.00,462.0000),(247,65,8,'',2.00,0.00,320.0000),(248,66,3,'',2.00,0.00,610.0000),(249,66,7,'',2.00,0.00,250.0000),(250,66,11,'',2.00,0.00,560.0000),(251,66,11,'',2.00,0.00,560.0000),(252,66,12,'',2.00,0.00,6300.0000),(253,67,1,'',2.00,0.00,85.0000),(254,67,2,'',2.00,0.00,74.0000),(255,67,9,'',2.00,0.00,1500.0000),(256,67,11,'',2.00,0.00,560.0000),(257,67,12,'',2.00,0.00,6300.0000),(258,68,7,'',2.00,0.00,250.0000),(259,68,9,'',2.00,0.00,1500.0000),(260,69,1,'',2.00,0.00,81.0000),(261,69,2,'',2.00,0.00,84.0000),(262,69,2,'',2.00,0.00,82.0000),(263,69,7,'',2.00,0.00,250.0000),(264,69,7,'',2.00,0.00,250.0000),(265,70,5,'',2.00,0.00,489.0000),(266,70,9,'',2.00,0.00,1500.0000),(267,70,12,'',2.00,0.00,6300.0000),(268,71,1,'',2.00,0.00,84.0000),(269,71,2,'',2.00,0.00,80.0000),(270,71,3,'',2.00,0.00,606.0000),(271,71,9,'',2.00,0.00,1500.0000),(272,72,1,'',2.00,0.00,82.0000),(273,72,2,'',2.00,0.00,79.0000),(274,72,3,'',2.00,0.00,678.0000),(275,72,11,'',2.00,0.00,560.0000),(276,72,12,'',2.00,0.00,6300.0000),(277,73,2,'',2.00,0.00,72.0000),(278,73,7,'',2.00,0.00,250.0000),(279,74,3,'',2.00,0.00,808.0000),(280,74,7,'',2.00,0.00,250.0000),(281,74,8,'',2.00,0.00,320.0000),(282,74,11,'',2.00,0.00,560.0000),(283,74,12,'',2.00,0.00,6300.0000),(284,75,2,'',2.00,0.00,83.0000),(285,75,7,'',2.00,0.00,250.0000),(286,75,7,'',2.00,0.00,250.0000),(287,75,8,'',2.00,0.00,320.0000),(288,75,12,'',2.00,0.00,6300.0000),(289,75,12,'',2.00,0.00,6300.0000),(290,75,12,'',2.00,0.00,6300.0000),(291,76,9,'',2.00,0.00,1500.0000),(292,76,12,'',2.00,0.00,6300.0000),(293,77,1,'',2.00,0.00,88.0000),(294,77,2,'',2.00,0.00,76.0000),(295,77,3,'',2.00,0.00,877.0000),(296,77,3,'',2.00,0.00,617.0000),(297,77,3,'',2.00,0.00,778.0000),(298,77,3,'',2.00,0.00,747.0000),(299,77,7,'',2.00,0.00,250.0000),(300,77,8,'',2.00,0.00,320.0000),(301,77,9,'',2.00,0.00,1500.0000),(302,78,1,'',2.00,0.00,86.0000),(303,78,2,'',2.00,0.00,70.0000),(304,78,7,'',2.00,0.00,250.0000),(305,78,11,'',2.00,0.00,560.0000),(306,79,2,'',2.00,0.00,70.0000),(307,79,3,'',2.00,0.00,626.0000),(308,79,3,'',2.00,0.00,896.0000),(309,79,8,'',2.00,0.00,320.0000),(310,80,3,'',2.00,0.00,801.0000),(311,80,8,'',2.00,0.00,320.0000),(312,81,1,'',2.00,0.00,80.0000),(313,81,7,'',2.00,0.00,250.0000),(314,81,7,'',2.00,0.00,250.0000),(315,81,11,'',2.00,0.00,560.0000),(316,81,12,'',2.00,0.00,6300.0000),(317,82,5,'',2.00,0.00,417.0000),(318,82,8,'',2.00,0.00,320.0000),(319,83,1,'',2.00,0.00,88.0000),(320,83,9,'',2.00,0.00,1500.0000),(321,84,1,'',2.00,0.00,90.0000),(322,84,1,'',2.00,0.00,87.0000),(323,84,1,'',2.00,0.00,88.0000),(324,84,11,'',2.00,0.00,560.0000),(325,84,11,'',2.00,0.00,560.0000),(326,84,12,'',2.00,0.00,6300.0000),(327,85,1,'',2.00,0.00,89.0000),(328,85,2,'',2.00,0.00,71.0000),(329,85,2,'',2.00,0.00,73.0000),(330,85,2,'',2.00,0.00,81.0000),(331,85,8,'',2.00,0.00,320.0000),(332,85,9,'',2.00,0.00,1500.0000),(333,85,11,'',2.00,0.00,560.0000),(334,85,12,'',2.00,0.00,6300.0000),(335,86,2,'',2.00,0.00,80.0000),(336,87,1,'',2.00,0.00,84.0000),(337,87,1,'',2.00,0.00,81.0000),(338,87,2,'',2.00,0.00,73.0000),(339,87,5,'',2.00,0.00,454.0000),(340,87,9,'',2.00,0.00,1500.0000),(341,87,9,'',2.00,0.00,1500.0000),(342,87,9,'',2.00,0.00,1500.0000),(343,87,11,'',2.00,0.00,560.0000),(344,87,12,'',2.00,0.00,6300.0000),(345,88,3,'',2.00,0.00,615.0000),(346,88,7,'',2.00,0.00,250.0000),(347,88,11,'',2.00,0.00,560.0000),(348,88,12,'',2.00,0.00,6300.0000),(349,89,2,'',2.00,0.00,82.0000),(350,89,2,'',2.00,0.00,75.0000),(351,89,5,'',2.00,0.00,421.0000),(352,89,8,'',2.00,0.00,320.0000),(353,89,12,'',2.00,0.00,6300.0000),(354,90,2,'',2.00,0.00,73.0000),(355,90,2,'',2.00,0.00,85.0000),(356,90,3,'',2.00,0.00,543.0000),(357,90,3,'',2.00,0.00,793.0000),(358,90,9,'',2.00,0.00,1500.0000),(359,90,12,'',2.00,0.00,6300.0000),(360,91,1,'',2.00,0.00,87.0000),(361,91,1,'',2.00,0.00,85.0000),(362,91,2,'',2.00,0.00,80.0000),(363,91,2,'',2.00,0.00,81.0000),(364,91,2,'',2.00,0.00,81.0000),(365,91,3,'',2.00,0.00,634.0000),(366,91,3,'',2.00,0.00,682.0000),(367,91,3,'',2.00,0.00,745.0000),(368,91,7,'',2.00,0.00,250.0000),(369,91,12,'',2.00,0.00,6300.0000),(370,92,1,'',2.00,0.00,90.0000),(371,92,1,'',2.00,0.00,85.0000),(372,92,2,'',2.00,0.00,75.0000),(373,92,5,'',2.00,0.00,488.0000),(374,92,9,'',2.00,0.00,1500.0000),(375,93,2,'',2.00,0.00,74.0000),(376,93,5,'',2.00,0.00,459.0000),(377,93,11,'',2.00,0.00,560.0000),(378,93,12,'',2.00,0.00,6300.0000),(379,93,12,'',2.00,0.00,6300.0000),(380,94,3,'',2.00,0.00,559.0000),(381,94,5,'',2.00,0.00,402.0000),(382,94,5,'',2.00,0.00,467.0000),(383,94,7,'',2.00,0.00,250.0000),(384,95,1,'',2.00,0.00,82.0000),(385,95,3,'',2.00,0.00,607.0000),(386,96,9,'',2.00,0.00,1500.0000),(387,96,11,'',2.00,0.00,560.0000),(388,96,11,'',2.00,0.00,560.0000),(389,97,1,'',2.00,0.00,86.0000),(390,97,3,'',2.00,0.00,612.0000),(391,97,11,'',2.00,0.00,560.0000),(392,97,11,'',2.00,0.00,560.0000),(393,98,1,'',2.00,0.00,83.0000),(394,98,1,'',2.00,0.00,81.0000),(395,98,3,'',2.00,0.00,596.0000),(396,98,5,'',2.00,0.00,469.0000),(397,98,5,'',2.00,0.00,426.0000),(398,99,1,'',2.00,0.00,83.0000),(399,99,9,'',2.00,0.00,1500.0000),(400,100,5,'',2.00,0.00,452.0000),(401,100,7,'',2.00,0.00,250.0000),(402,100,9,'',2.00,0.00,1500.0000),(403,100,9,'',2.00,0.00,1500.0000),(404,101,1,'',2.00,0.00,83.0000),(405,101,3,'',2.00,0.00,626.0000),(406,101,8,'',2.00,0.00,320.0000),(407,101,5,'',2.00,0.00,459.0000),(408,101,12,'',2.00,0.00,6300.0000),(409,101,5,'',2.00,0.00,402.0000),(410,102,9,'',2.00,0.00,1500.0000),(411,102,12,'',2.00,0.00,6300.0000),(412,103,1,'',2.00,0.00,87.0000),(413,104,7,'',2.00,0.00,250.0000),(414,104,2,'',2.00,0.00,75.0000),(415,105,1,'',2.00,0.00,88.0000),(416,105,2,'',2.00,0.00,82.0000),(417,105,9,'',2.00,0.00,1500.0000),(418,105,9,'',2.00,0.00,1500.0000),(419,105,12,'',2.00,0.00,6300.0000),(420,105,9,'',2.00,0.00,1500.0000),(421,105,3,'',2.00,0.00,896.0000),(422,107,11,'',2.00,0.00,560.0000),(423,107,8,'',2.00,0.00,320.0000),(424,107,1,'',2.00,0.00,82.0000),(425,107,7,'',2.00,0.00,250.0000),(426,108,12,'',2.00,0.00,6300.0000),(427,108,7,'',2.00,0.00,250.0000),(428,108,2,'',2.00,0.00,70.0000),(429,108,1,'',2.00,0.00,80.0000),(430,108,12,'',2.00,0.00,6300.0000),(431,108,11,'',2.00,0.00,560.0000),(432,109,3,'',2.00,0.00,756.0000),(433,109,12,'',2.00,0.00,6300.0000),(434,109,12,'',2.00,0.00,6300.0000),(435,109,11,'',2.00,0.00,560.0000),(436,110,1,'',2.00,0.00,80.0000),(437,110,2,'',2.00,0.00,74.0000),(438,111,7,'',2.00,0.00,250.0000),(439,111,11,'',2.00,0.00,560.0000),(440,111,9,'',2.00,0.00,1500.0000),(441,111,1,'',2.00,0.00,81.0000),(442,111,9,'',2.00,0.00,1500.0000),(443,112,3,'',2.00,0.00,598.0000),(444,113,1,'',2.00,0.00,86.0000),(445,113,12,'',2.00,0.00,6300.0000),(446,113,12,'',2.00,0.00,6300.0000),(447,113,12,'',2.00,0.00,6300.0000),(448,113,11,'',2.00,0.00,560.0000),(449,113,2,'',2.00,0.00,73.0000),(450,113,11,'',2.00,0.00,560.0000),(451,114,2,'',2.00,0.00,77.0000),(452,114,12,'',2.00,0.00,6300.0000),(453,114,1,'',2.00,0.00,81.0000),(454,114,5,'',2.00,0.00,421.0000),(455,114,3,'',2.00,0.00,543.0000),(456,114,3,'',2.00,0.00,634.0000),(457,114,7,'',2.00,0.00,250.0000),(458,114,1,'',2.00,0.00,83.0000),(459,115,1,'',2.00,0.00,80.0000),(460,115,5,'',2.00,0.00,401.0000),(461,115,12,'',2.00,0.00,6300.0000),(462,115,8,'',2.00,0.00,320.0000),(463,115,3,'',2.00,0.00,801.0000),(464,115,2,'',2.00,0.00,81.0000),(465,115,3,'',2.00,0.00,596.0000),(466,116,12,'',2.00,0.00,6300.0000),(467,116,2,'',2.00,0.00,73.0000),(468,116,3,'',2.00,0.00,745.0000),(469,117,7,'',2.00,0.00,250.0000),(470,117,11,'',2.00,0.00,560.0000),(471,119,8,'',2.00,0.00,320.0000),(472,119,7,'',2.00,0.00,250.0000),(473,119,3,'',2.00,0.00,606.0000),(474,119,3,'',2.00,0.00,877.0000),(475,120,1,'',2.00,0.00,85.0000),(476,120,7,'',2.00,0.00,250.0000),(477,120,3,'',2.00,0.00,615.0000),(478,120,7,'',2.00,0.00,250.0000),(479,120,3,'',2.00,0.00,612.0000),(480,121,8,'',2.00,0.00,320.0000),(481,121,1,'',2.00,0.00,87.0000),(482,121,5,'',2.00,0.00,438.0000),(483,121,11,'',2.00,0.00,560.0000),(484,121,12,'',2.00,0.00,6300.0000),(485,121,12,'',2.00,0.00,6300.0000),(486,121,9,'',2.00,0.00,1500.0000),(487,122,2,'',2.00,0.00,81.0000),(488,122,7,'',2.00,0.00,250.0000),(489,123,2,'',2.00,0.00,73.0000),(490,123,1,'',2.00,0.00,88.0000),(491,123,5,'',2.00,0.00,467.0000),(492,124,12,'',2.00,0.00,6300.0000),(493,124,11,'',2.00,0.00,560.0000),(494,124,12,'',2.00,0.00,6300.0000),(495,124,2,'',2.00,0.00,70.0000),(496,124,7,'',2.00,0.00,250.0000),(497,124,8,'',2.00,0.00,320.0000),(498,124,2,'',2.00,0.00,85.0000),(499,125,3,'',2.00,0.00,881.0000),(500,125,2,'',2.00,0.00,84.0000),(501,125,2,'',2.00,0.00,83.0000),(502,125,1,'',2.00,0.00,88.0000),(503,125,1,'',2.00,0.00,85.0000),(504,126,7,'',2.00,0.00,250.0000),(505,126,3,'',2.00,0.00,675.0000),(506,126,7,'',2.00,0.00,250.0000),(507,126,8,'',2.00,0.00,320.0000),(508,126,7,'',2.00,0.00,250.0000),(509,127,2,'',2.00,0.00,84.0000),(510,127,1,'',2.00,0.00,90.0000),(511,127,1,'',2.00,0.00,87.0000),(512,127,12,'',2.00,0.00,6300.0000),(513,127,12,'',2.00,0.00,6300.0000),(514,127,9,'',2.00,0.00,1500.0000),(515,127,2,'',2.00,0.00,73.0000),(516,127,11,'',2.00,0.00,560.0000),(517,128,2,'',2.00,0.00,85.0000),(518,128,12,'',2.00,0.00,6300.0000),(519,128,12,'',2.00,0.00,6300.0000),(520,128,8,'',2.00,0.00,320.0000),(521,128,9,'',2.00,0.00,1500.0000),(522,129,8,'',2.00,0.00,320.0000),(523,129,2,'',2.00,0.00,75.0000),(524,129,1,'',2.00,0.00,83.0000),(525,129,5,'',2.00,0.00,414.0000),(526,129,11,'',2.00,0.00,560.0000),(527,129,1,'',2.00,0.00,86.0000),(528,129,5,'',2.00,0.00,417.0000),(529,130,11,'',2.00,0.00,560.0000),(530,130,12,'',2.00,0.00,6300.0000),(531,130,11,'',2.00,0.00,560.0000),(532,130,11,'',2.00,0.00,560.0000),(533,130,1,'',2.00,0.00,88.0000),(534,130,1,'',2.00,0.00,85.0000),(535,131,5,'',2.00,0.00,487.0000),(536,131,8,'',2.00,0.00,320.0000),(537,131,2,'',2.00,0.00,82.0000),(538,131,11,'',2.00,0.00,560.0000),(539,131,8,'',2.00,0.00,320.0000),(540,132,1,'',2.00,0.00,84.0000),(541,132,8,'',2.00,0.00,320.0000),(542,132,9,'',2.00,0.00,1500.0000),(543,132,1,'',2.00,0.00,89.0000),(544,132,9,'',2.00,0.00,1500.0000),(545,133,11,'',2.00,0.00,560.0000),(546,133,11,'',2.00,0.00,560.0000),(547,133,3,'',2.00,0.00,747.0000),(548,134,8,'',2.00,0.00,320.0000),(549,134,2,'',2.00,0.00,70.0000),(550,134,3,'',2.00,0.00,793.0000),(551,134,5,'',2.00,0.00,426.0000),(552,135,7,'',2.00,0.00,250.0000),(553,135,12,'',2.00,0.00,6300.0000),(554,135,11,'',2.00,0.00,560.0000),(555,135,12,'',2.00,0.00,6300.0000),(556,135,2,'',2.00,0.00,74.0000),(557,135,7,'',2.00,0.00,250.0000),(558,135,3,'',2.00,0.00,617.0000),(559,135,12,'',2.00,0.00,6300.0000),(560,136,2,'',2.00,0.00,78.0000),(561,136,7,'',2.00,0.00,250.0000),(562,136,3,'',2.00,0.00,778.0000),(563,137,1,'',2.00,0.00,86.0000),(564,137,8,'',2.00,0.00,320.0000),(565,137,2,'',2.00,0.00,79.0000),(566,138,9,'',2.00,0.00,1500.0000),(567,139,11,'',2.00,0.00,560.0000),(568,139,2,'',2.00,0.00,80.0000),(569,139,12,'',2.00,0.00,6300.0000),(570,139,2,'',2.00,0.00,81.0000),(571,140,2,'',2.00,0.00,77.0000),(572,140,9,'',2.00,0.00,1500.0000),(573,140,11,'',2.00,0.00,560.0000),(574,141,12,'',2.00,0.00,6300.0000),(575,141,2,'',2.00,0.00,71.0000),(576,141,11,'',2.00,0.00,560.0000),(577,141,12,'',2.00,0.00,6300.0000),(578,142,12,'',2.00,0.00,6300.0000),(579,142,1,'',2.00,0.00,85.0000),(580,142,11,'',2.00,0.00,560.0000),(581,143,12,'',2.00,0.00,6300.0000),(582,143,7,'',2.00,0.00,250.0000),(583,143,3,'',2.00,0.00,678.0000),(584,143,3,'',2.00,0.00,808.0000),(585,143,2,'',2.00,0.00,82.0000),(586,144,11,'',2.00,0.00,560.0000),(587,144,7,'',2.00,0.00,250.0000),(588,144,2,'',2.00,0.00,74.0000),(589,145,7,'',2.00,0.00,250.0000),(590,145,12,'',2.00,0.00,6300.0000),(591,145,5,'',2.00,0.00,462.0000),(592,145,8,'',2.00,0.00,320.0000),(593,145,8,'',2.00,0.00,320.0000),(594,145,12,'',2.00,0.00,6300.0000),(595,145,3,'',2.00,0.00,559.0000),(596,146,1,'',2.00,0.00,89.0000),(597,146,8,'',2.00,0.00,320.0000),(598,146,12,'',2.00,0.00,6300.0000),(599,146,9,'',2.00,0.00,1500.0000),(600,146,2,'',2.00,0.00,72.0000),(601,146,7,'',2.00,0.00,250.0000),(602,146,1,'',2.00,0.00,90.0000),(603,147,12,'',2.00,0.00,6300.0000),(604,147,5,'',2.00,0.00,489.0000),(605,147,5,'',2.00,0.00,454.0000),(606,147,5,'',2.00,0.00,452.0000),(607,148,1,'',2.00,0.00,86.0000),(608,148,8,'',2.00,0.00,320.0000),(609,148,11,'',2.00,0.00,560.0000),(610,148,1,'',2.00,0.00,90.0000),(611,148,2,'',2.00,0.00,80.0000),(612,149,9,'',2.00,0.00,1500.0000),(613,149,12,'',2.00,0.00,6300.0000),(614,149,2,'',2.00,0.00,73.0000),(615,149,3,'',2.00,0.00,682.0000),(616,150,1,'',2.00,0.00,86.0000),(617,150,1,'',2.00,0.00,85.0000),(618,150,11,'',2.00,0.00,560.0000),(619,150,1,'',2.00,0.00,84.0000),(620,150,1,'',2.00,0.00,86.0000),(621,150,9,'',2.00,0.00,1500.0000),(622,151,11,'',2.00,0.00,560.0000),(623,151,7,'',2.00,0.00,250.0000),(624,151,9,'',2.00,0.00,1500.0000),(625,151,1,'',2.00,0.00,83.0000),(626,152,5,'',2.00,0.00,445.0000),(627,152,2,'',2.00,0.00,85.0000),(628,152,5,'',2.00,0.00,469.0000),(629,153,9,'',2.00,0.00,1500.0000),(630,153,5,'',2.00,0.00,424.0000),(631,153,9,'',2.00,0.00,1500.0000),(632,153,1,'',2.00,0.00,90.0000),(633,153,1,'',2.00,0.00,84.0000),(634,153,7,'',2.00,0.00,250.0000),(635,153,1,'',2.00,0.00,87.0000),(636,153,2,'',2.00,0.00,80.0000),(637,153,3,'',2.00,0.00,607.0000),(638,153,1,'',2.00,0.00,81.0000),(639,155,3,'',2.00,0.00,746.0000),(640,155,5,'',2.00,0.00,443.0000),(641,155,12,'',2.00,0.00,6300.0000),(642,155,12,'',2.00,0.00,6300.0000),(643,155,11,'',2.00,0.00,560.0000),(644,156,2,'',2.00,0.00,71.0000),(645,156,5,'',2.00,0.00,470.0000),(646,156,12,'',2.00,0.00,6300.0000),(647,156,5,'',2.00,0.00,488.0000),(648,157,2,'',2.00,0.00,71.0000),(649,157,7,'',2.00,0.00,250.0000),(650,157,12,'',2.00,0.00,6300.0000),(651,158,7,'',2.00,0.00,250.0000),(652,158,9,'',2.00,0.00,1500.0000),(653,158,12,'',2.00,0.00,6300.0000),(654,158,2,'',2.00,0.00,76.0000),(655,159,7,'',2.00,0.00,250.0000),(656,159,11,'',2.00,0.00,560.0000),(657,159,3,'',2.00,0.00,752.0000),(658,159,1,'',2.00,0.00,82.0000),(659,159,11,'',2.00,0.00,560.0000),(660,159,9,'',2.00,0.00,1500.0000),(661,159,11,'',2.00,0.00,560.0000),(662,160,2,'',2.00,0.00,84.0000),(663,160,9,'',2.00,0.00,1500.0000),(664,160,9,'',2.00,0.00,1500.0000),(665,161,3,'',2.00,0.00,744.0000),(666,161,5,'',2.00,0.00,460.0000),(667,161,3,'',2.00,0.00,610.0000),(668,161,2,'',2.00,0.00,75.0000);
/*!40000 ALTER TABLE `orderitems` ENABLE KEYS */;
UNLOCK TABLES;

--
-- Table structure for table `orders`
--

DROP TABLE IF EXISTS `orders`;
/*!40101 SET @saved_cs_client     = @@character_set_client */;
 SET character_set_client = utf8mb4 ;
CREATE TABLE `orders` (
  `ID` bigint(20) NOT NULL AUTO_INCREMENT,
  `TransactionTypeID` bigint(20) NOT NULL,
  `SupplierID` bigint(20) DEFAULT NULL,
  `EmergencyMaintenancesID` bigint(20) DEFAULT NULL,
  `SourceWarehouseID` bigint(20) DEFAULT NULL,
  `DestinationWarehouseID` bigint(20) DEFAULT NULL,
  `Date` date NOT NULL,
  `Time` time DEFAULT NULL,
  PRIMARY KEY (`ID`),
  KEY `FK_Headers_EmergencyMaintenances` (`EmergencyMaintenancesID`),
  KEY `FK_Headers_Suppliers` (`SupplierID`),
  KEY `FK_Headers_TransactionTypes` (`TransactionTypeID`),
  KEY `FK_Headers_Stocks` (`SourceWarehouseID`),
  KEY `FK_Headers_Stocks1` (`DestinationWarehouseID`),
  CONSTRAINT `FK_Headers_EmergencyMaintenances` FOREIGN KEY (`EmergencyMaintenancesID`) REFERENCES `emergencymaintenances` (`ID`),
  CONSTRAINT `FK_Headers_Stocks` FOREIGN KEY (`SourceWarehouseID`) REFERENCES `warehouses` (`ID`),
  CONSTRAINT `FK_Headers_Stocks1` FOREIGN KEY (`DestinationWarehouseID`) REFERENCES `warehouses` (`ID`),
  CONSTRAINT `FK_Headers_Suppliers` FOREIGN KEY (`SupplierID`) REFERENCES `suppliers` (`ID`),
  CONSTRAINT `FK_Headers_TransactionTypes` FOREIGN KEY (`TransactionTypeID`) REFERENCES `transactiontypes` (`ID`)
) ENGINE=InnoDB AUTO_INCREMENT=162 DEFAULT CHARSET=utf8 COLLATE=utf8_bin;
/*!40101 SET character_set_client = @saved_cs_client */;

--
-- Dumping data for table `orders`
--

LOCK TABLES `orders` WRITE;
/*!40000 ALTER TABLE `orders` DISABLE KEYS */;
INSERT INTO `orders` VALUES (1,1,3,NULL,NULL,2,'2019-08-18','08:21:28'),(2,1,4,NULL,NULL,1,'2019-08-18','08:10:41'),(3,1,4,NULL,NULL,1,'2019-08-18','08:03:49'),(4,1,3,NULL,NULL,2,'2019-08-18','08:21:14'),(5,1,3,NULL,NULL,2,'2019-08-18','08:26:57'),(6,1,2,NULL,NULL,2,'2019-08-18','08:04:49'),(7,1,3,NULL,NULL,1,'2019-08-18','08:10:05'),(8,1,2,NULL,NULL,1,'2019-08-22','08:14:58'),(9,1,3,NULL,NULL,2,'2019-08-22','08:21:34'),(10,1,4,NULL,NULL,2,'2019-08-22','08:12:15'),(11,1,3,NULL,NULL,1,'2019-08-23','08:14:52'),(12,1,4,NULL,NULL,2,'2019-08-23','08:19:50'),(13,1,2,NULL,NULL,2,'2019-08-23','08:03:49'),(14,1,3,NULL,NULL,2,'2019-08-23','08:26:57'),(15,1,2,NULL,NULL,2,'2019-08-23','08:04:00'),(16,1,3,NULL,NULL,2,'2019-08-23','08:01:47'),(17,1,4,NULL,NULL,2,'2019-08-23','08:21:57'),(18,1,1,NULL,NULL,2,'2019-08-23','08:07:22'),(19,1,1,NULL,NULL,2,'2019-08-24','08:34:57'),(20,1,2,NULL,NULL,2,'2019-08-24','08:19:49'),(21,1,2,NULL,NULL,2,'2019-08-24','08:37:50'),(22,1,4,NULL,NULL,2,'2019-08-24','08:03:37'),(23,1,1,NULL,NULL,2,'2019-08-24','08:34:50'),(24,1,3,NULL,NULL,2,'2019-08-24','08:25:20'),(25,1,3,NULL,NULL,1,'2019-08-24','08:31:11'),(26,1,2,NULL,NULL,2,'2019-08-24','08:14:19'),(27,2,NULL,NULL,1,2,'2019-08-18','11:25:32'),(28,2,NULL,NULL,1,2,'2019-08-19','11:13:49'),(29,2,NULL,NULL,2,1,'2019-08-19','11:15:54'),(30,2,NULL,NULL,2,1,'2019-08-19','11:28:20'),(31,2,NULL,NULL,2,1,'2019-08-20','11:12:27'),(32,2,NULL,NULL,1,2,'2019-08-23','11:12:29'),(33,2,NULL,NULL,1,2,'2019-08-20','11:26:37'),(34,2,NULL,NULL,2,1,'2019-08-22','11:07:09'),(35,2,NULL,NULL,2,1,'2019-08-22','11:24:24'),(36,2,NULL,NULL,1,2,'2019-08-24','11:39:15'),(37,2,NULL,NULL,2,1,'2019-08-24','11:34:44'),(38,1,1,NULL,NULL,1,'2017-09-29','08:23:40'),(39,3,NULL,3,1,NULL,'2017-09-29','16:37:37'),(40,1,1,NULL,NULL,2,'2017-06-18','08:33:59'),(41,1,1,NULL,NULL,2,'2017-06-19','08:31:25'),(42,1,3,NULL,NULL,1,'2017-06-20','08:11:33'),(43,1,3,NULL,NULL,2,'2017-06-21','08:04:31'),(44,1,2,NULL,NULL,2,'2017-06-22','08:01:49'),(45,1,3,NULL,NULL,2,'2017-06-23','08:33:16'),(46,1,1,NULL,NULL,2,'2017-06-24','08:34:36'),(47,1,1,NULL,NULL,2,'2017-06-25','08:18:31'),(48,1,1,NULL,NULL,2,'2017-06-26','08:14:49'),(49,1,3,NULL,NULL,2,'2017-06-27','08:02:06'),(50,1,2,NULL,NULL,1,'2017-06-28','08:17:14'),(51,1,3,NULL,NULL,2,'2017-06-29','08:35:06'),(52,1,1,NULL,NULL,2,'2017-06-30','08:10:59'),(53,1,2,NULL,NULL,1,'2017-07-01','08:13:59'),(54,1,1,NULL,NULL,2,'2017-07-02','08:28:40'),(55,1,1,NULL,NULL,2,'2017-07-03','08:26:39'),(56,1,1,NULL,NULL,1,'2017-07-04','08:10:51'),(57,1,2,NULL,NULL,1,'2017-07-05','08:32:45'),(58,1,2,NULL,NULL,2,'2017-07-06','08:03:42'),(59,1,1,NULL,NULL,1,'2017-07-07','08:32:50'),(60,1,3,NULL,NULL,1,'2017-07-08','08:29:03'),(61,1,2,NULL,NULL,2,'2017-07-09','08:13:17'),(62,1,1,NULL,NULL,2,'2017-07-10','08:25:23'),(63,1,2,NULL,NULL,2,'2017-07-11','08:09:51'),(64,1,1,NULL,NULL,1,'2017-07-12','08:37:03'),(65,1,1,NULL,NULL,1,'2017-07-13','08:21:32'),(66,1,2,NULL,NULL,1,'2017-07-14','08:17:20'),(67,1,3,NULL,NULL,1,'2017-07-15','08:00:42'),(68,1,3,NULL,NULL,1,'2017-07-16','08:29:30'),(69,1,3,NULL,NULL,1,'2017-07-17','08:30:14'),(70,1,3,NULL,NULL,2,'2017-07-18','08:19:22'),(71,1,3,NULL,NULL,2,'2017-07-19','08:08:09'),(72,1,3,NULL,NULL,1,'2017-07-20','08:30:00'),(73,1,2,NULL,NULL,1,'2017-07-21','08:07:17'),(74,1,3,NULL,NULL,1,'2017-07-22','08:24:25'),(75,1,2,NULL,NULL,1,'2017-07-23','08:06:35'),(76,1,2,NULL,NULL,2,'2017-07-24','08:05:08'),(77,1,2,NULL,NULL,2,'2017-07-25','08:12:14'),(78,1,2,NULL,NULL,2,'2017-07-26','08:06:12'),(79,1,2,NULL,NULL,2,'2017-07-27','08:14:33'),(80,1,2,NULL,NULL,2,'2017-07-28','08:12:27'),(81,1,2,NULL,NULL,1,'2017-07-29','08:32:27'),(82,1,1,NULL,NULL,1,'2017-07-30','08:34:54'),(83,1,3,NULL,NULL,1,'2017-07-31','08:31:07'),(84,1,2,NULL,NULL,2,'2017-08-01','08:04:57'),(85,1,1,NULL,NULL,2,'2017-08-02','08:19:42'),(86,1,2,NULL,NULL,2,'2017-08-03','08:10:17'),(87,1,1,NULL,NULL,1,'2017-08-04','08:01:55'),(88,1,1,NULL,NULL,1,'2017-08-05','08:30:13'),(89,1,1,NULL,NULL,2,'2017-08-06','08:27:25'),(90,1,3,NULL,NULL,1,'2017-08-07','08:35:28'),(91,1,2,NULL,NULL,1,'2017-08-08','08:07:02'),(92,1,3,NULL,NULL,1,'2017-08-09','08:12:27'),(93,1,2,NULL,NULL,2,'2017-08-10','08:08:55'),(94,1,3,NULL,NULL,1,'2017-08-11','08:39:08'),(95,1,1,NULL,NULL,1,'2017-08-12','08:16:24'),(96,1,3,NULL,NULL,2,'2017-08-13','08:06:38'),(97,1,1,NULL,NULL,1,'2017-08-14','08:06:36'),(98,1,2,NULL,NULL,2,'2017-08-15','08:19:30'),(99,1,3,NULL,NULL,1,'2017-08-16','08:08:10'),(100,1,2,NULL,NULL,1,'2017-08-17','08:39:05'),(101,3,NULL,47,2,NULL,'2017-01-05','16:36:44'),(102,3,NULL,37,2,NULL,'2017-01-25','16:37:58'),(103,3,NULL,29,1,NULL,'2017-02-14','16:20:32'),(104,3,NULL,55,2,NULL,'2017-03-06','16:04:32'),(105,3,NULL,46,2,NULL,'2017-03-26','16:33:07'),(106,3,NULL,44,2,NULL,'2017-04-15','16:27:50'),(107,3,NULL,4,2,NULL,'2017-05-05','16:30:41'),(108,3,NULL,22,2,NULL,'2017-05-25','16:11:27'),(109,3,NULL,28,2,NULL,'2017-06-14','16:18:35'),(110,3,NULL,35,2,NULL,'2017-07-04','16:08:27'),(111,3,NULL,52,1,NULL,'2017-07-24','16:08:57'),(112,3,NULL,17,2,NULL,'2017-08-13','16:24:09'),(113,3,NULL,7,2,NULL,'2017-09-02','16:03:32'),(114,3,NULL,37,1,NULL,'2017-09-22','16:26:26'),(115,3,NULL,26,2,NULL,'2017-12-12','16:27:28'),(116,3,NULL,38,2,NULL,'2017-12-01','16:31:45'),(117,3,NULL,52,1,NULL,'2017-12-21','16:31:19'),(118,3,NULL,22,1,NULL,'2017-12-11','16:26:18'),(119,3,NULL,42,2,NULL,'2017-12-31','16:37:42'),(120,3,NULL,23,1,NULL,'2018-01-20','16:00:14'),(121,3,NULL,9,1,NULL,'2018-02-09','16:26:25'),(122,3,NULL,43,2,NULL,'2018-03-01','16:24:51'),(123,3,NULL,42,2,NULL,'2018-03-21','16:19:32'),(124,3,NULL,4,2,NULL,'2018-04-10','16:22:13'),(125,3,NULL,18,1,NULL,'2018-04-30','16:31:04'),(126,3,NULL,53,1,NULL,'2018-05-20','16:15:25'),(127,3,NULL,7,1,NULL,'2018-06-09','16:30:05'),(128,3,NULL,41,1,NULL,'2018-06-29','16:36:50'),(129,3,NULL,49,1,NULL,'2017-01-05','16:39:57'),(130,3,NULL,24,1,NULL,'2017-01-25','16:24:23'),(131,3,NULL,9,2,NULL,'2017-02-14','16:18:38'),(132,3,NULL,56,2,NULL,'2017-03-06','16:11:40'),(133,3,NULL,35,1,NULL,'2017-03-26','16:19:42'),(134,3,NULL,38,1,NULL,'2017-04-15','16:30:15'),(135,3,NULL,38,1,NULL,'2017-05-05','16:38:07'),(136,3,NULL,40,1,NULL,'2017-05-25','16:29:48'),(137,3,NULL,56,2,NULL,'2017-06-14','16:24:06'),(138,3,NULL,24,2,NULL,'2017-07-04','16:06:11'),(139,3,NULL,5,2,NULL,'2017-07-24','16:27:53'),(140,3,NULL,25,2,NULL,'2017-08-13','16:32:49'),(141,3,NULL,30,2,NULL,'2017-09-02','16:11:51'),(142,3,NULL,41,1,NULL,'2017-09-22','16:29:58'),(143,3,NULL,34,1,NULL,'2017-12-12','16:05:21'),(144,3,NULL,22,1,NULL,'2017-12-01','16:18:31'),(145,3,NULL,59,2,NULL,'2017-12-21','16:25:31'),(146,3,NULL,33,2,NULL,'2017-12-11','16:14:17'),(147,3,NULL,22,2,NULL,'2017-12-31','16:38:13'),(148,3,NULL,36,1,NULL,'2018-01-20','16:32:21'),(149,3,NULL,59,1,NULL,'2018-02-09','16:18:17'),(150,3,NULL,36,2,NULL,'2018-03-01','16:01:37'),(151,3,NULL,50,1,NULL,'2018-03-21','16:24:25'),(152,3,NULL,42,1,NULL,'2018-04-10','16:24:41'),(153,3,NULL,52,1,NULL,'2018-04-30','16:13:02'),(154,3,NULL,16,2,NULL,'2018-05-20','16:09:10'),(155,3,NULL,42,1,NULL,'2018-06-09','16:23:25'),(156,3,NULL,48,1,NULL,'2018-06-29','16:26:54'),(157,3,NULL,53,2,NULL,'2017-08-13','16:17:32'),(158,3,NULL,35,1,NULL,'2017-08-14','16:05:01'),(159,3,NULL,28,2,NULL,'2017-08-15','16:14:38'),(160,3,NULL,11,1,NULL,'2017-08-16','16:33:38'),(161,3,NULL,20,1,NULL,'2017-08-17','16:09:51');
/*!40000 ALTER TABLE `orders` ENABLE KEYS */;
UNLOCK TABLES;

--
-- Table structure for table `parts`
--

DROP TABLE IF EXISTS `parts`;
/*!40101 SET @saved_cs_client     = @@character_set_client */;
 SET character_set_client = utf8mb4 ;
CREATE TABLE `parts` (
  `ID` bigint(20) NOT NULL AUTO_INCREMENT,
  `Name` varchar(50) COLLATE utf8_bin NOT NULL,
  `EffectiveLife` bigint(20) DEFAULT NULL,
  `BatchNumberHasRequired` tinyint(1) DEFAULT NULL,
  `MinimumQuantity` decimal(18,2) DEFAULT NULL,
  PRIMARY KEY (`ID`)
) ENGINE=InnoDB AUTO_INCREMENT=13 DEFAULT CHARSET=utf8 COLLATE=utf8_bin;
/*!40101 SET character_set_client = @saved_cs_client */;

--
-- Dumping data for table `parts`
--

LOCK TABLES `parts` WRITE;
/*!40000 ALTER TABLE `parts` DISABLE KEYS */;
INSERT INTO `parts` VALUES (1,'BLUE STORM Battery 12V 45Ah 54459',650,0,10.00),(2,'BLUE STORM Battery 12V 70Ah 80D26L',700,0,10.00),(3,'CT20 Turbo Turbocharger',NULL,0,0.00),(4,'michelin tyres   525/65 ZR 20.5',1000,1,6.00),(5,'MOCA Engine Timing Chain Kit ',NULL,0,0.00),(6,'CT16V Turbo Cartridge Core',NULL,1,0.00),(7,'iFJF 21100-35520 New Carburetor',NULL,0,0.00),(8,'ALAVENTE 21100-35463 Carburetor ',NULL,0,0.00),(9,'Carter P4594 In-Line Electric Fuel Pump',NULL,0,0.00),(10,'Electric Fuel Pump Universal Fuel Pump 12V ',NULL,1,0.00),(11,'Gast AT05 Rotary Vane ',NULL,0,0.00),(12,'FAN 24\" M480',200,0,50.00);
/*!40000 ALTER TABLE `parts` ENABLE KEYS */;
UNLOCK TABLES;

--
-- Table structure for table `suppliers`
--

DROP TABLE IF EXISTS `suppliers`;
/*!40101 SET @saved_cs_client     = @@character_set_client */;
 SET character_set_client = utf8mb4 ;
CREATE TABLE `suppliers` (
  `ID` bigint(20) NOT NULL AUTO_INCREMENT,
  `Name` varchar(50) COLLATE utf8_bin NOT NULL,
  PRIMARY KEY (`ID`)
) ENGINE=InnoDB AUTO_INCREMENT=8 DEFAULT CHARSET=utf8 COLLATE=utf8_bin;
/*!40101 SET character_set_client = @saved_cs_client */;

--
-- Dumping data for table `suppliers`
--

LOCK TABLES `suppliers` WRITE;
/*!40000 ALTER TABLE `suppliers` DISABLE KEYS */;
INSERT INTO `suppliers` VALUES (1,'MJOK petroleum'),(2,'Kazan Bosch  Center'),(3,'Denso Corp'),(4,'MJOK petroleum'),(5,'Kazan Bosch  Center'),(6,'Denso Corp'),(7,'Castrol Crop');
/*!40000 ALTER TABLE `suppliers` ENABLE KEYS */;
UNLOCK TABLES;

--
-- Table structure for table `transactiontypes`
--

DROP TABLE IF EXISTS `transactiontypes`;
/*!40101 SET @saved_cs_client     = @@character_set_client */;
 SET character_set_client = utf8mb4 ;
CREATE TABLE `transactiontypes` (
  `ID` bigint(20) NOT NULL AUTO_INCREMENT,
  `Name` varchar(50) COLLATE utf8_bin NOT NULL,
  PRIMARY KEY (`ID`)
) ENGINE=InnoDB AUTO_INCREMENT=5 DEFAULT CHARSET=utf8 COLLATE=utf8_bin;
/*!40101 SET character_set_client = @saved_cs_client */;

--
-- Dumping data for table `transactiontypes`
--

LOCK TABLES `transactiontypes` WRITE;
/*!40000 ALTER TABLE `transactiontypes` DISABLE KEYS */;
INSERT INTO `transactiontypes` VALUES (1,'Purchase Order'),(2,'Warehouse Management'),(3,'Used on Emergency Maintenance'),(4,'Extermination Part');
/*!40000 ALTER TABLE `transactiontypes` ENABLE KEYS */;
UNLOCK TABLES;

--
-- Table structure for table `warehouses`
--

DROP TABLE IF EXISTS `warehouses`;
/*!40101 SET @saved_cs_client     = @@character_set_client */;
 SET character_set_client = utf8mb4 ;
CREATE TABLE `warehouses` (
  `ID` bigint(20) NOT NULL AUTO_INCREMENT,
  `Name` varchar(50) COLLATE utf8_bin NOT NULL,
  PRIMARY KEY (`ID`)
) ENGINE=InnoDB AUTO_INCREMENT=3 DEFAULT CHARSET=utf8 COLLATE=utf8_bin;
/*!40101 SET character_set_client = @saved_cs_client */;

--
-- Dumping data for table `warehouses`
--

LOCK TABLES `warehouses` WRITE;
/*!40000 ALTER TABLE `warehouses` DISABLE KEYS */;
INSERT INTO `warehouses` VALUES (1,'Central Warehouse'),(2,'Volka  Warehouse');
/*!40000 ALTER TABLE `warehouses` ENABLE KEYS */;
UNLOCK TABLES;
/*!40103 SET TIME_ZONE=@OLD_TIME_ZONE */;

/*!40101 SET SQL_MODE=@OLD_SQL_MODE */;
/*!40014 SET FOREIGN_KEY_CHECKS=@OLD_FOREIGN_KEY_CHECKS */;
/*!40014 SET UNIQUE_CHECKS=@OLD_UNIQUE_CHECKS */;
/*!40101 SET CHARACTER_SET_CLIENT=@OLD_CHARACTER_SET_CLIENT */;
/*!40101 SET CHARACTER_SET_RESULTS=@OLD_CHARACTER_SET_RESULTS */;
/*!40101 SET COLLATION_CONNECTION=@OLD_COLLATION_CONNECTION */;
/*!40111 SET SQL_NOTES=@OLD_SQL_NOTES */;

-- Dump completed on 2019-08-25 13:38:43
